Brand,Title,Original Price,Sale Price
The Indian Garage Co,Men Striped Slim Fit Shirt with Patch Pocket,1749,525
The Indian Garage Co,Checked Shirt with Patch Pocket,1749,525
The Indian Garage Co,Checked Shirt with Patch Pocket,2049,615
Campus Sutra,Checked Shirt with Spread Collar,1899,608
THE BEAR HOUSE,Men Slim Fit Shirt with Patch Pocket,2495,873
RAYMOND,Men Self-Design Slim Fit Shirt,2099,945
,,nan,nan
The Indian Garage Co,Men Striped Slim Fit Shirt with Patch Pocket,1749,437
WUXI,Men Knitted Loose Fit Shirt with Mandarin Collar,2399,312
British Club,Men Striped Slim Fit Cotton Shirt,1899,741
British Club,Men Striped Slim Fit Cotton Shirt,1899,741
DENNISLINGO PREMIUM ATTIRE,Slim Fit Shirt with Spread Collar,1849,481
RAYMOND,Men Slim Fit Shirt with Patch Pocket,2399,1080
The Indian Garage Co,Twin Striped Shirt with Patch Pocket,1749,455
NETPLAY,Men Slim Fit Shirt,nan,699
THE BEAR HOUSE,Men Checked Slim Fit Shirt,2495,873
A,,nan,nan
EYEBOGLER,Men Shirt with Spread Collar,1299,364
SNITCH,Men Checked Regular Fit Shirt with Button-Down Collar,nan,1199
RAYMOND,Men Checked Slim Fit Shirt with Patch Pocket,2299,1035
The Indian Garage Co,Shirt with Patch Pocket,1749,542
THE BEAR HOUSE,Checked Shirt with Patch Pocket,2495,873
DENNISLINGO PREMIUM ATTIRE,Classic Slim Fit Shirt with Full Sleeves,1849,647
U.S. Polo Assn.,Men Tailored Fit Shirt,2299,1058
Vooter,Men Self-Design Regular Fit Shirt,1999,500
RAYMOND,Men Embroidered Regular Fit Shirt with Spread Collar,2699,1215
,,nan,nan
The Indian Garage Co,Checked Shirt with Patch Pocket,1749,542
The Indian Garage Co,Men Printed Slim Fit Shirt with Patch Pocket,1749,490
The Indian Garage Co,Checked Shirt with Patch Pocket,2149,645
The Indian Garage Co,Men Checked Slim Fit Shirt with Patch Pocket,1749,455
The Indian Garage Co,Checked Shirt with Patch Pocket,2149,537
RAYMOND,Men Micro Print Slim Fit Shirt,2299,1035
The Indian Garage Co,Leaf Print Slim Fit Shirt,1749,455
U.S. Polo Assn.,Men Slim Fit Shirt,2499,1175
Noble Monk,Men Ribbed Regular Fit Hooded Shirt with Patch Pocket,1299,403
,,nan,nan
ALLEN SOLLY,Men Checked Regular Fit Shirt,2299,1494
The Indian Garage Co,Striped Shirt with Patch Pocket,2099,588
WUXI,Men Knitted Loose Fit Shirt with Mandarin Collar,2399,312
ARMANI EXCHANGE,Men Regular Fit Shirt with Brand Embroidery,10999,7699
NETPLAY FOR TRENDS SELECT,Men Printed Slim Fit Shirt,799,567
British Club,Men Checked Slim Fit Shirt,1999,760
PETER ENGLAND,Men Slim Fit Cotton Shirt with Patch Pocket,1799,864
The Indian Garage Co,Spread Collar Shirt with Patch Pocket,1749,525
EYEBOGLER,Slim Fit Shirt with Spread Collar,2499,375
,,nan,nan
British Club,Men Ombre-Dyed Slim Fit Shirt,1899,646
THE BEAR HOUSE,Men Striped Slim Fit Shirt,2599,962
MORLY,Men Tie Dye Regular Fit Shirt,999,390
British Club,Men Checked Slim Fit Shirt with Patch Pocket,2095,775
EYEBOGLER,Men Checked Regular Fit Shirt,1299,390
British Club,Men Checked Slim Fit Shirt with Patch Pocket,2095,754
Vastrado,Men Shirt with Cutaway Collar,1649,742
THE BEAR HOUSE,Men Cotton Slim Fit Casual Shirt,3399,1462
Noble Monk,Men Striped Regular Fit Shirt with Spread Collar,1299,351
,,nan,nan
SNITCH,Classic Shirt with Button-Down Collar,899,499
SNITCH,Men Checked Slim Fit Shirt with Patch Pocket,2398,1199
U.S. Polo Assn.,Men Logo Embroidered Slim Fit Shirt,2699,1889
Jankit Designer,Men Regular Fit Spread Collar Shirt,1999,500
EYEBOGLER,Men Shirt with Spread Collar,1299,364
THE BEAR HOUSE,Men Slim Fit Spread-Collar Shirt,2599,962
MORLY,Men Textured Boxy Fit Shirt with Patch Pocket,1499,480
NETPLAY FOR TRENDS SELECT,Men Floral Print Slim Fit Shirt,899,638
The Indian Garage Co,Spread Collar Shirt with Patch Pocket,1749,525
,,nan,nan
The Indian Garage Co,Checked Shirt with Patch Pocket,1949,624
WUXI,Men Loose Fit Band-Collar Shirt with Drop-Shoulder Sleeves,2399,312
LOUIS PHILIPPE,Men Regular Fit Shirt,2399,1415
THE BEAR HOUSE,Men Checked Slim Fit Shirt,2495,873
The Indian Garage Co,Checked Shirt with Patch Pocket,2049,656
U.S. Polo Assn.,Men Tailored Fit Shirt,2499,1200
H&M,Men Regular Fit Twill Shirt,nan,1499
H&M,Men Regular Fit Shirt,nan,1499
Indo_primo,Men Checked Regular Fit Shirt with Patch Pocket,999,249
,,nan,nan
The Indian Garage Co,Checked Shirt with Patch Pocket,1949,585
SNITCH,Men Checked Slim Fit Shirt with Patch Pocket,2398,1199
DENNISLINGO PREMIUM ATTIRE,Slim Fit Shirt with Spread Collar,1849,481
WUXI,Men Knitted Loose Fit Shirt with Mandarin Collar,2399,312
The Indian Garage Co,Checked Shirt with Patch Pocket,2049,615
The Indian Garage Co,Men Slim Fit Shirt with Flap Pockets,1849,573
The Indian Garage Co,Men Checked Slim Fit Shirt,1999,600
DENNISLINGO PREMIUM ATTIRE,Slim Fit Shirt with Patch Pocket,1849,647
Jankit Designer,Men Regular Fit Short Sleeve Shirt,1999,500
,,nan,nan
NETPLAY,Men Checked Slim Fit Shirt,799,567
The Indian Garage Co,Striped Shirt with Patch Pocket,2099,588
EYEBOGLER,Men Regular Fit Shirt with Patch Pocket,1299,429
THE BEAR HOUSE,Striped Patch-Pocket Shirt,2495,873
Campus Sutra,Men Checked Regular Fit Shirt,1899,627
NETPLAY FOR TRENDS SELECT,Men Striped Regular Fit Shirt,799,567
NETPLAY,Men Printed Slim Fit Shirt,799,567
The Indian Garage Co,Men Checked Slim Fit Shirt with Patch Pocket,1749,455
Vastrado,Men Shirt with Cutaway Collar,1649,742
,,nan,nan
NETPLAY,Men Checked Slim Fit Cotton Shirt,799,567
Campus Sutra,Men Checked Regular Fit Shirt,1499,480
Flocculent,Men Printed Regular Fit Shirt with Short Sleeves,1999,500
WUXI,Men Shirt with Spread Collar,1499,405
Vooter,Men Floral Print Regular Fit Shirt with Short Sleeves,1999,420
SNITCH,Men Checked Slim Fit Shirt,2398,1199
The Indian Garage Co,Men Checked Slim Fit Shirt with Patch Pocket,1749,455
DENNISLINGO PREMIUM ATTIRE,Slim Fit Shirt with Patch Pocket,1849,481
EYEBOGLER,Men Shirt with Spread Collar,1299,377
,,nan,nan
THE BEAR HOUSE,Men Checked Slim Fit Shirt,2599,1118
British Club,Men Checked Slim Fit Shirt with Patch Pocket,2195,702
H&M,Men Slim Fit Easy-Iron Shirt,nan,1499
The Indian Garage Co,Checked Shirt with Patch Pocket,2149,602
DNMX FOR TRENDS SELECT,Men Printed Relaxed Fit Shirt,699,496
DNMX,Men Checked Regular Fit Shirt with Patch Pocket,699,496
The Indian Garage Co,Spread Collar Shirt with Logo Patch Pocket,1749,525
EYEBOGLER,Men Checked Regular Fit Shirt,1299,390
THE BEAR HOUSE,Men Floral Printed Slim Fit Shirt,1995,698
,,nan,nan
EYEBOGLER,Men Shirt with Spread Collar,1299,377
NETPLAY,Men Core Oxford Slim Fit Shirt with Patch Pocket,nan,699
Andamen,Button-Down Collar Shirt with Curved Hem,2990,2392
DENNISLINGO PREMIUM ATTIRE,Spread Collar Slim Fit Shirt,2299,483
Allen Cooper,Men Slim Fit Shirt with Patch Pocket,2999,870
The Indian Garage Co,Spread Collar Shirt with Logo Patch Pocket,1749,402
NETPLAY,Men Smart Fit Shirt with Patch Pocket,nan,799
The Indian Garage Co,Men Checked Slim Fit Shirt with Patch Pocket,1749,455
DENNISLINGO PREMIUM ATTIRE,Full Sleeves Slim Fit Shirt,1849,499
,,nan,nan
The Indian Garage Co,Checked Shirt with Patch Pocket,1749,525
The Indian Garage Co,Men Checked Slim Fit Shirt with Patch Pocket,1749,455
The Indian Garage Co,Shirt with Patch Pocket,2049,533
MORLY,Men Abstract Print Regular Fit Shirt,999,390
H&M,Men Regular Fit Textured-Weave Resort Shirt,nan,1499
British Club,Men Checked Slim Fit Cotton Shirt,1899,817
NETPLAY,Men Checked Regular Fit Shirt,nan,499
British Club,Men Windowpane Twill Checked Slim Fit Shirt,1995,678
Lonexo,Men Logo Print Regular Fit Shirt with Flap Pockets,999,450
,,nan,nan
THE BEAR HOUSE,Men Checked Relaxed Fit Cotton Shirt,2799,1344
MISCHIEF MONKEY,Full-Sleeve Casual Shirt,4999,799
DENNISLINGO PREMIUM ATTIRE,Full Sleeves Slim Fit Shirt,1849,481
Campus Sutra,Checked Shirt with Patch Pocket,1599,592
British Club,Men Checked Slim Fit Cotton Shirt,1899,760
Ketch,Man Stripes Slim Fit Shirt,1899,475
Urban Buccachi,Men Regular Fit Band Collar Shirt,1399,350
VASALI,Men Floral Regular Fit Shirt,999,410
The Indian Garage Co,Checked Shirt with Patch Pocket,1749,525
,,nan,nan
NETPLAY,Men Striped Slim Fit Shirt,nan,499
WUXI,Men Loose Fit Band-Collar Shirt with Drop-Shoulder Sleeves,2399,312
The Indian Garage Co,Spread Collar Shirt with Patch Pocket,1749,455
U.S. Polo Assn.,Men Regular Fit Shirt with Logo Print,nan,2199
DENNISLINGO PREMIUM ATTIRE,Slim Fit Shirt with Patch Pocket,1849,647
Andamen,Striped Button-Down Collar Shirt,5590,4472
DENNISLINGO PREMIUM ATTIRE,Checked Slim Fit Shirt with Patch Pocket,2799,784
Urban Buccachi,Regular Fit Shirt,1399,350
British Club,Floral Print Slim Shirt with Patch Pocket,1945,331
,,nan,nan
EYEBOGLER,Men Checked Regular Fit Shirt,1299,390
The Indian Garage Co,Checked Shirt with Patch Pocket,1749,525
The Indian Garage Co,Men Checked Slim Fit Shirt with Patch Pocket,1749,402
Vastrado,Men Slim Fit Striped Casual Shirt,1649,742
NETPLAY,Men Cotton Slim Fit Shirt with Patch Pocket,nan,699
KHUSHI CREATION,Men Regular Fit Shirt,698,300
PETER ENGLAND,Men Patterned Regular Fit Shirt with Patch Pocket,1399,741
Urban Buccachi,Men Regular Fit Shirt,1799,429
The Indian Garage Co,Men Checked Slim Fit Shirt with Patch Pocket,2049,533
Jack & Jones,Men Slim Fit Shirt with Flap Pockets,3299,1155
NETPLAY,Men Striped Regular Fit Cotton Shirt,nan,699
Urban Buccachi,Men Regular Fit Solid Casual Shirt,1399,350
H&M,Men Regular Fit Shirt,nan,1499
Indo_primo,Men Checked Regular Fit Shirt,999,249
British Club,Men Checked Slim Fit Shirt with Patch Pocket,2099,714
NETPLAY FOR TRENDS SELECT,Men Striped Regular Fit Shirt,599,425
The Indian Garage Co,Men Checked Slim Fit Shirt with Patch Pocket,1749,455
NETPLAY,Men Core Oxford Slim Fit Shirt with Patch Pocket,nan,699
ARMANI EXCHANGE,Waffle Regular Fit Cotton Shirt,12999,6500
PETER ENGLAND CASUALS,Men Checked Slim Fit Cotton Shirt,1599,768
LEVIS,Men Slim Fit Shirt with Patch Pocket,2499,975
British Club,Men Checked Slim Fit Shirt,2195,746
The Indian Garage Co,Men Printed Slim Fit Shirt,1749,472
British Club,Windowpane Checks Slim Fit 60'S Giza Cotton Shirt,2649,848
THE BEAR HOUSE,Striped Shirt with Patch Pocket,2495,923
British Club,Men Checked Slim Fit Shirt with Patch Pocket,2045,736
ARMANI EXCHANGE,Men All-Over Brand Print Regular Fit Shirt,10999,5500
NETPLAY,Men Striped Regular Fit Cotton Shirt,nan,699
SNITCH,Button-Down Shirt with Full Sleeves,2398,1099
H&M,Men Regular Fit Shirt,nan,1499
KHUSHI CREATION,Men Regular Fit Shirt,698,300
H&M,Men Regular Fit Shirt,nan,1499
H&M,Men Regular Fit Shirt,nan,1499
WUXI,Cuban Collar Shirt with Short Sleeves,2399,312
The Indian Garage Co,Checked Shirt with Patch Pocket,1749,525
SNITCH,Classic Shirt with Button-Down Collar,899,499
RED TAPE,Men Shirt with Button Down Collar,3799,570
British Club,Men Checked Slim Fit Shirt with Patch Pocket,2199,748
LOUIS PHILIPPE,Men Slim Fit Shirt,2499,1474
British Club,Men Checked Slim Fit Shirt,1995,758
British Club,Men Ombre-Dyed Slim Fit Shirt,1899,760
NETPLAY,Men Slim Fit Shirt,nan,699
NETPLAY FOR TRENDS SELECT,Men Striped Regular Fit Shirt,699,496
Jankit Designer,Men Leaf Print Regular Fit Shirt with Lapel Collar,1999,500
U.S. Polo Assn.,Men Printed Regular Fit Shirt,2299,1127
U.S. Polo Assn.,Men Striped Regular Fit Shirt,nan,2899
British Club,Leaf Print Slim Shirt with Patch Pocket,1895,701
EYEBOGLER,Men Regular Fit Shirt,1299,377
Jankit Designer,Men Checked Regular Fit Shirt,1999,500
The Indian Garage Co,Checked Shirt with Patch Pocket,2149,537
WUXI,Cuban Collar Shirt with Short Sleeves,2399,312
THE BEAR HOUSE,Men Striped Slim Fit Shirt with Patch Pocket,2495,923
U.S. Polo Assn.,Men Birdeye Slim Fit Shirt with Patch Pocket,2299,1127
NETPLAY FOR TRENDS SELECT,Men Striped Regular Fit Shirt,899,638
H&M,Men Regular Fit Shirt,nan,1499
BANANA CLUB,Men Regular Fit Shirt with Button-Down Collar,1049,797
SPYKAR,Men Regular Slim Fit Shirt with Patch Pocket,2999,1709
THE BEAR HOUSE,Men Checked Slim Fit Shirt with Patch Pocket,2495,873
The Indian Garage Co,Striped Shirt with Patch Pocket,2099,693
NETPLAY,Men NP35 Checked Slim Fit Cotton Shirt with Patch Pocket,799,567
The Indian Garage Co,Checked Shirt with Patch Pocket,1749,525
HK FASHION,Men Self-design Regular Fit Shirt,999,299
JOHN PLAYERS SELECT,Men Floral Print Slim Fit Shirt,1049,745
British Club,Men Gingham Checked Slim Fit Shirt,2045,736
The Indian Garage Co,Striped Shirt with Patch Pocket,2149,645
British Club,Leaf Print Slim Shirt with Patch Pocket,1895,682
British Club,Men Checked Regular Fit Shirt,2495,749
MORLY,Men Geometric Regular Fit Shirt,999,390
The Indian Garage Co,Checked Shirt with Patch Pocket,1749,525
LEVIS,Men Checked Slim Fit Shirt with Patch Pocket,2699,1080
U.S. Polo Assn.,Men Tailored Fit Shirt,2499,1125
KHUSHI CREATION,Men Shirt with Spread Collar,598,257
U.S. Polo Assn.,Men Floral Print Slim Fit Shirt,2299,943
THE BEAR HOUSE,Men Checked Slim Fit Shirt with Patch Pocket,2495,873
ARMANI EXCHANGE,Classic Cotton Twill Shirt,10999,5500
MISCHIEF MONKEY,Men Tailored Fit Striped Shirt,4999,799
ALLEN SOLLY,Checked Slim Fit Shirt with Patch Pocket,1499,1049
British Club,Men Checked Slim Fit Shirt with Patch Pocket,2199,704
The Indian Garage Co,Checked Spread Collar Shirt,2199,594
NETPLAY FOR TRENDS SELECT,Men Printed Regular Fit Shirt,699,496
Andamen,Men Regular Fit Shirt,nan,3990
Urban Buccachi,Men Solid Regular Shirt,1299,351
The Indian Garage Co,Checked Shirt with Patch Pocket,2149,645
IKON FASHION,Men Regular Fit Shirt with Spread Collar,598,299
The Indian Garage Co,Checked Cutaway-Collar Shirt,2199,550
RED TAPE,Men Shirt with Button Down Collar,3799,570
Urban Buccachi,Men Regular Fit Shirt,1799,429
DNMX FOR TRENDS SELECT,Men Checked Relaxed Fit Shirt,699,496
Tyzlo,Men Regular Fit Shirt with Patch Pocket,2199,462
NETPLAY,Men Slim Fit Shirt with Band Collar,699,496
MORLY,Men Boxy Fit Shirt with Spread-Collar,1499,480
SUPERDRY,Men Premium Stretch Long-Sleeve Shirt,3999,1880
NETPLAY FOR TRENDS SELECT,Men Floral Print Slim Fit Shirt,799,567
LOUIS PHILIPPE,Men Micro Print Slim Fit Cotton Shirt,2199,1407
NETPLAY,Men Slim Fit Shirt,nan,699
U.S. Polo Assn.,Men Regular Fit Shirt,2299,1127
U.S. Polo Assn.,Men Slim Fit Shirt,2199,1012
U.S. Polo Assn.,Men Checked Tailored Fit Shirt,2499,1025
SPYKAR,Men Slim Fit Shirt with Flap Pockets,2999,1260
H&M,Men Slim Fit Easy-Iron Shirt,nan,1499
British Club,Windowpane Checks Slim Fit 60'S Giza Cotton Shirt,2999,810
Buda Jeans Co,Men Checked Slim Fit Cotton Shirt with Patch Pocket,1799,738
ARMANI EXCHANGE,Slim Fit Cotton Shirt with Embroidered Logo,9999,5000
KHUSHI CREATION,Men Shirt with Spread Collar,598,257
U.S. Polo Assn.,Men Tailored Fit Shirt,2499,1225
NETPLAY FOR TRENDS SELECT,Men Striped Slim Fit Shirt,799,567
U.S. Polo Assn.,Men Plaid Check Tailored Fit Shirt,2499,775
The Indian Garage Co,Men Checked Slim Fit Shirt with Patch Pocket,1749,507
British Club,Ombre-Dyed Slim Fit Shirt,1899,722
GAP,Men Short Sleeve Spread Collar Linen Check Shirt,2799,1679
The Indian Garage Co,Men Striped Slim Fit Shirt with Patch Pocket,1749,437
Linza,Men Regular Fit Cutaway-Collar Shirt,1699,595
DENNISLINGO PREMIUM ATTIRE,Men Regular Fit Shirt with Mandarin Collar,3099,868
KHUSHI CREATION,Men Regular Fit Shirt with Mandarin Collar,792,341
Urban Buccachi,Men Regular Fit Shirt with Spread Collar,1799,429
Jankit Designer,Men Floral Regular Fit Shirt,1999,500
Arrow Sports,Men Striped Slim Fit Shirt,2299,1218
DNMX,Men Checked Regular Fit Shirt,699,496
NETPLAY,Men Slim Fit Shirt,nan,699
SNITCH,Men Paisley Slim Fit Shirt,1798,899
SNITCH,Men Spread Collar Shirt,nan,1199
U.S. Polo Assn.,Men Slim Fit Shirt with Patch Pocket,2299,1127
Jack & Jones,Men Striped Slim Fit Shirt,3299,1419
Hardsoda,Men Checked Regular Fit with Patch Pocket,2249,652
SNITCH,Men Slim Fit Spread-Collar Shirt,2598,1299
TOMMY HILFIGER,Men Regular Fit Shirt with Logo Embroidery,4999,2899
THE BEAR HOUSE,Checks Slim Fit Shirt,2599,780
Choiceit,Men Regular Fit Shirt,2330,583
RED TAPE,Men Checked Regular Fit Shirt,3299,627
DNMX,Men Checked Regular Fit Shirt with Patch Pocket,799,567
JAINISH,Checked Shirt with Spread Collar,1699,612
The Indian Garage Co,Spread Collar Shirt with Patch Pocket,1749,560
Jack & Jones,Slim Fit Shirt with Buttoned Flap Pockets,3299,1155
The Indian Garage Co,Men Slim Fit Shirt,1749,525
GAP,Brannan Bear Embroided Shirt with Button Down Collar,2499,1499
ARROW,Men Houndstooth Print Slim Fit Cotton Shirt,2299,1310
The Indian Garage Co,Men Slim Fit Shirt with Spread Collar,1949,507
GRANDSTITCH,Men Light Washed Regular Fit Denim Shirt,1999,500
SNITCH,Men Checked Slim Fit Shirt with Button-Down Collar,nan,1199
ARMANI EXCHANGE,Men All-Over Brand Print Regular Fit Shirt,10999,5500
ARMANI EXCHANGE,Men Striped Slim Fit Cotton Shirt,11999,6000
NETPLAY,Men Checked Slim Fit Shirt,nan,499
The Indian Garage Co,Men Floral Print Slim Fit Shirt,1749,472
U.S. Polo Assn.,Men Slim Fit Shirt,2299,1609
SUPERDRY,Vintage Checked Shirt,4999,2350
The Indian Garage Co,Checked Shirt with Patch Pocket,1749,525
British Club,Men Checked Regular Fit Shirt with Patch Pocket,1995,718
Urban Buccachi,Man Stripes Regular Fit Shirt,1599,416
KHUSHI CREATION,Men Regular Fit Shirt with Spread Collar,1996,399
Buda Jeans Co,Men Regular Fit Denim Shirt,1499,1349
U.S. Polo Assn.,Men Checked Tailored Fit Shirt,2499,875
SNITCH,Slim Fit Shirt with Band Collar,1798,899
U.S. Polo Assn.,Men Oxford Striped Slim Fit Shirt with Patch Pocket,2699,1161
Andamen,Full-Sleeves Shirt with Button-Down Collar,4990,3992
Urban Buccachi,Men Regular Fit Shirt,1799,429
The Indian Garage Co,Men Cotton Slim Fit Shirt with Patch Pocket,1749,472
British Club,Men Checked Slim Fit Shirt with Patch Pocket,2095,775
SUPERDRY,London Checked Regular Fit Shirt,5999,2340
Urban Buccachi,Men Relaxed Fit Shirt with Button Closure,999,350
Vooter,Men Floral Print Regular Fit Shirt,1999,420
British Club,Men Ombre-Dyed Slim Fit Shirt,1899,760
U.S. Polo Assn.,Men Tailored Fit Cotton Shirt,2299,1195
British Club,Men Checked Slim Fit Shirt with Patch Pocket,2195,724
NETPLAY FOR TRENDS SELECT,Men Slim Fit Shirt,799,567
British Club,Men Windowpane Twill Checked Slim Fit Shirt,2095,754
The Indian Garage Co,Checked Slim Fit Shirt with Button-Down Collar,1749,525
H&M,Men Regular Fit Corduroy Shirt,nan,1999
SNITCH,Slim Fit Shirt with Mandarin Collar,1998,999
U.S. Polo Assn.,Men Floral Print Tailored Fit Shirt,2499,1299
Deaim,Men Printed Regular Fit Shirt,1998,500
The Indian Garage Co,Men Striped Slim Fit Shirt with Patch Pocket,1749,560
U.S. Polo Assn.,Men Micro Print Slim Fit Shirt with Patch Pocket,2299,989
The Indian Garage Co,Checked Shirt with Patch Pocket,1749,525
RED TAPE,Men Shirt with Button Down Collar,3799,570
Vastrado,Men Slim Fit Shirt,1749,787
GAP,Men Full-Sleeve Denim Shirt with Flap Pockets,3499,2099
LEVIS,Men Checked Slim Fit Shirt with Patch Pocket,2699,945
THE BEAR HOUSE,Men Textured Slim Fit Shirt with Patch Pocket,2495,749
THE BEAR HOUSE,Button-Down Collar Shirt with Patch Pocket,2495,923
The Indian Garage Co,Checked Shirt with Patch Pocket,1749,490
ASOS DESIGN,Typographic Print Boxy Relaxed Revere Shirt,3499,2449
The Indian Garage Co,Regular Fit Shirt with Double Flap Pockets,2049,553
The Indian Garage Co,Striped Shirt with Patch Pocket,2099,630
BROOKS BROTHERS,Regular Fitted End On End Friday Sports Shirt,10000,4200
DENNISLINGO PREMIUM ATTIRE,Slim Fit Shirt with Patch Pocket,1849,647
SNITCH,Men Spread Collar Shirt,nan,1199
U.S. Polo Assn.,Men Checked Tailored Fit Shirt,2299,1195
KHUSHI CREATION,Men Regular Fit Shirt with Spread-Collar,1998,400
U.S. Polo Assn.,Men Striped Tailored Fit Shirt,2999,2099
MISCHIEF MONKEY,Men Tailored Fit Shirt with Spread Collar,4999,699
Andamen,Slim Fit Shirt with Button-Down Collar,2990,2392
U.S. Polo Assn.,Men Checked Tailored Fit Shirt,2499,925
The Indian Garage Co,Men Striped Slim Fit Shirt with Patch Pocket,1749,420
ARROW,Men Self-Design Slim Fit Shirt,2499,1674
Campus Sutra,Men Oversized Checked Casual Shirt,1999,760
U.S. Polo Assn.,Men Checked Regular Fit Shirt with Patch Pocket,2699,1889
MISCHIEF MONKEY,Men Tailored Fit Striped Shirt,4999,799
H&M,Men Loose Fit Shirt,nan,1499
U.S. Polo Assn.,Men Checked Slim Fit Shirt with Patch Pocket,2499,775
Buda Jeans Co,Men Relaxed Fit Denim Shirt with Flap Pockets,1599,656
SNITCH,Men Slim Fit Button-Down Shirt,3398,1699
MORLY,Men Boxy Fit Shirt,1499,480
MISCHIEF MONKEY,Men Tailored Fit Shirt with Spread Collar,4999,699
THE BEAR HOUSE,Checks Slim Fit Shirt,2495,749
U.S. Polo Assn.,Men Shirt with Spread Collar,2699,2294
Arrow Sports,Men Checked Slim Fit Cotton Shirt,2399,720
WUXI,Men Striped Regular Fit Shirt,2399,288
Bene Kleed,Men Loose Fit Shirt,3299,825
Flocculent,Men Shirt with Spread Collar,1999,500
SNITCH,Clyster Relaxed Fit Overshirt with Flap Pockets,1998,999
KHUSHI CREATION,Men Shirt with Spread Collar,598,257
U.S. Polo Assn.,Men Tailored Fit Shirt,2299,1127
NETPLAY,Men Checked Regular Fit Shirt,nan,799
SNITCH,Madrigo Relaxed Fit Shirt with Spread Collar,2598,1299
British Club,Men Printed Slim Fit Shirt with Patch Pocket,1895,663
NETPLAY,Men Crinkled Smart Fit Shirt with Patch Pocket,699,496
SNITCH,Men Slim Fit Shirt with Mandarin Collar,1998,999
ARROW,Men Striped Slim Fit Shirt with Patch Pocket,2499,825
The Indian Garage Co,Checked Shirt with Patch Pocket,2149,645
U.S. Polo Assn.,Men Filafil Slim Fit Shirt with Patch Pocket,2299,1081
The Indian Garage Co,Men Checked Slim Fit Shirt with Patch Pocket,1749,455
NETPLAY,Men Checked Slim Fit Shirt,799,567
THE BEAR HOUSE,Men Checked Slim Fit Shirt with Patch Pocket,2599,1248
Relicx outlanders,Men Regular Fit Spread-Collar Shirt,1299,351
ARMANI EXCHANGE,Men Striped Slim Fit Cotton Shirt,11999,6000
British Club,Windowpane Checks Slim Fit 60'S Giza Cotton Shirt,2999,810
THE BEAR HOUSE,Men Checked Slim Fit Shirt,2495,873
The Indian Garage Co,Men Checked Slim Fit Shirt with Patch Pocket,1749,402
The Indian Garage Co,Men Checked Slim Fit Shirt with Patch Pocket,1749,402
THE BEAR HOUSE,Men Slim Fit Shirt with Patch Pocket,2599,1429
MORLY,Men Boxy Fit Shirt,1499,480
RED TAPE,Men Shirt with Button Down Collar,3799,570
U.S. Polo Assn.,Men Plaid Check Tailored Fit Shirt,2499,775
SUPERDRY,Premium Stretch Conceal Long-Sleeve Shirt,3999,1880
U.S. Polo Assn.,Men Checked Tailored Fit Shirt,2499,875
ARMANI EXCHANGE,Men Eagle Regular Fit Cotton Shirt,11999,6000
Flocculent,Men Shirt with Spread Collar,1999,500
IKON FASHION,Men Spread Collar Shirt,598,299
U.S. Polo Assn.,Men Oxford Checked Slim Fit Shirt with Patch Pocket,2499,1175
KHUSHI CREATION,Men Shirt with Spread Collar,598,299
The Indian Garage Co,Spread Collar Shirt with Logo Patch Pocket,1749,490
The Indian Garage Co,Checked Shirt with Patch Pocket,1749,507
RED TAPE,Men Shirt with Button Down Collar,3799,570
IKON FASHION,Men Slim Fit Shirt with Spread Collar,598,299
KHUSHI CREATION,Men Regular Fit Shirt,698,300
U.S. Polo Assn.,Men Striped Slim Fit Shirt,2499,1050
U.S. Polo Assn.,Men Tropical Print Slim Fit Shirt with Patch Pocket,2199,1078
NETPLAY FOR TRENDS SELECT,Men Striped Regular Fit Shirt,599,425
NETPLAY,Men Smart Fit Shirt with Patch Pocket,nan,799
The Indian Garage Co,Checked Shirt with Patch Pocket,1749,525
NETPLAY,Men Slim Fit Shirt with Band Collar,699,496
THE BEAR HOUSE,Men Striped Slim Fit Shirt with Patch Pocket,2495,749
Campus Sutra,Men Graphic Regular Fit Shirt,1899,741
British Club,Men Checked Slim Fit Shirt,2195,746
NETPLAY FOR TRENDS SELECT,Men Woven Slim Fit Shirt,699,496
U.S. Polo Assn.,Men Oxford Slim Fit Shirt with Patch Pocket,2499,1274
Voroxy X AG,Men Striped Regular Fit Shirt,1999,300
SUPERDRY,Studios Casual Linen Long-Sleeve Shirt,6999,3290
SNITCH,Men Slim Fit Shirt with Short Sleeves,1998,999
SNITCH,Tropical Print Spread-Collar Shirt,nan,799
Andamen,Cotton Shirt with Button-Down Collar,4590,3672
NETPLAY,Men Floral Woven Slim Fit Shirt,799,567
Vooter,Men Printed Regular Fit Shirt with Patch Pocket,1999,320
MUFTI,Men Slim Fit Cotton Shirt with Patch Pocket,2899,1102
ARMANI EXCHANGE,Men Regular Fit Cotton Shirt,nan,12999
DENNISLINGO PREMIUM ATTIRE,Full Sleeves Slim Fit Shirt,1849,666
Campus Sutra,Men Floral Print Regular Fit Shirt with Spread Collar,1899,608
SNITCH,Men Shirt with Button-down Collar,nan,1299
H&M,Men Regular Fit Shirt,nan,2699
U.S. Polo Assn.,Men Checked Tailored Fit Shirt,2699,1403
U.S. Polo Assn.,Men Tailored Fit Shirt,2499,1225
Andamen,Button-Down Collar Shirt with Curved Hem,2990,2392
EYEBOGLER,Men Regular Fit Shirt,1299,429
The Indian Garage Co,Men Checked Slim Fit Shirt with Patch Pocket,1749,420
LOUIS PHILIPPE,Men Slim Fit Shirt,2299,1356
RED TAPE,Full-Sleeves Shirt with Band-Collar,4299,817
LOUIS PHILIPPE,Men Checks Slim Fit Shirt,2799,1791
U.S. Polo Assn.,Checked Shirt with Spread Collar,2699,756
U.S. Polo Assn.,Men Tropical Print Slim Fit Shirt with Patch Pocket,2199,1121
Urban Buccachi,Men Regular Fit Shirt with Spread Collar,1799,429
Vastrado,Men Self-design Slim Fit Shirt,1749,787
The Indian Garage Co,Men Checked Slim Fit Shirt with Patch Pocket,1749,455
KHUSHI CREATION,Men Regular Fit Shirt,698,300
Urban Buccachi,Regular Fit Shirt,1399,350
GAP,Yoke Denim Button-Down Shirt,3499,2099
DENNISLINGO PREMIUM ATTIRE,Checked Spread-Collar Shirt,2799,896
Urban Buccachi,Men Regular Fit Band Collar Shirt,1399,350
MISCHIEF MONKEY,Men Tailored Fit Striped Shirt,4999,799
The Indian Garage Co,Colourblock Shirt with Cut-Away Collar,2099,651
ASOS DESIGN,Boxy Oversized Oxford Shirt,2299,1609
Jack & Jones,Men Slim Fit Shirt with Spread Collar,3299,1353
SUPERDRY,Seersucker Gingham Check Relaxed Fit Shirt,4999,2350
The Indian Garage Co,Men Checked Slim Fit Shirt with Patch Pocket,1749,402
RED TAPE,Logo Embroidered Spread-Collar Shirt,3999,760
American Eagle,Men Checked Full-Length Collar Shirt,2999,2069
Alakhdhani Creation,Men Shirt with Band Collar,1699,340
Buda Jeans Co,Men Regular Fit Shirt with Patch Pocket,1599,927
U.S. Polo Assn.,Men Regular Fit Shirt,2299,1081
Bombay Begum,Crochet Regular Fit Shirt,1999,620
Alakhdhani Creation,Men Applique Slim Fit Shirt,1699,340
U.S. Polo Assn.,Cut-Away Collar Patched-Pocket Shirt,2299,1609
The Indian Garage Co,Men Checked Slim Fit Shirt with Patch Pocket,2049,451
The Indian Garage Co,Checked Shirt with Logo Patch Pocket,1749,525
LOUIS PHILIPPE,Men Checks Slim Fit Shirt,2799,1791
Allen Cooper,Spread Collar Shirt with Patch Pocket,2999,870
Tistabene,Chevron Print Shirt with Spread Collar,1799,360
H&M,Men Regular Fit Shirt,nan,2299
DNMX,Men Striped Regular Fit Shirt,599,425
SiliSoul,Men Checked Regular Fit Shirt with Patch Pocket,3499,1400
The Indian Garage Co,Shirt with Patch Pocket,1799,558
TOMMY HILFIGER,Men Striped Regular Fit Cotton Shirt,4599,3679
Instafab Plus,Men Relaxed Fit Shirt,2499,975
SIN,Men Plaid Check Slim Fit Shirt,1599,815
KHUSHI CREATION,Men Regular Fit Shirt with Patch Pocket,1996,399
KHUSHI CREATION,Men Regular Fit Shirt with Patch Pocket,1996,399
NETPLAY,Men Slim Fit Shirt with Band Collar,nan,699
DENNISLINGO PREMIUM ATTIRE,Men Checked Slim Fit Cotton Shirt,2899,841
MISCHIEF MONKEY,Men Tailored Fit Shirt,4999,699
XTJ,Men Slim Fit Shirt,799,384
The Indian Garage Co,Men Slim Fit Checked Shirt with Patch Pocket,1749,472
POIPET,Men Geometric Regular Fit Shirt with Collar Neck,1999,580
British Club,Men Checked Slim Fit Shirt with Patch Pocket,1999,680
The Indian Garage Co,Men Checked Slim Fit Shirt with Patch Pocket,1749,472
SOLSTICE,Men Regular Fit Shirt,999,499
Lee Cooper,Men Regular Fit Shirt,2499,1774
SPYKAR,Men Slim Fit Shirt with Flap Pockets,2999,1140
The Indian Garage Co,Men Checked Slim Fit Shirt with Patch Pocket,1749,525
SNITCH,Spread Collared Slim Fit Shirt,2598,1299
U.S. Polo Assn.,Men Floral Print Tailored Fit Shirt,2299,1012
KHUSHI CREATION,Men Regular Fit Shirt with Patch Pocket,1996,399
EYEBOGLER,Men Regular Fit Shirt,1299,377
UNITED COLORS OF BENETTON,Men Slim Fit Shirt with Spread Collar,nan,3499
NETPLAY FOR TRENDS SELECT,Men Striped Regular Fit Shirt,599,425
Hardsoda,Men Checked Regular Fit Shirt with Patch Pocket,2299,529
The Indian Garage Co,Men Checked Slim Fit Shirt with Patch Pocket,2049,430
SNITCH,Slim Fit Shirt with Mandarin Collar,1998,999
GAP,Brannan Bear Embroided Shirt with Button Down Collar,2499,1499
NETPLAY FOR TRENDS SELECT,Men Regular Fit Shirt with Mandarin Collar,699,496
Vastrado,Man Self-design Oversized Fit Shirt,1899,855
NETPLAY,Men Checked Slim Fit Shirt,nan,499
THE BEAR HOUSE,Men Slim Fit Shirt with Patch Pocket,2599,1118
The Indian Garage Co,Checked Shirt with Patch Pocket,2149,559
GAP,Checked Shirt with Patch Pocket,2799,1400
U.S. Polo Assn.,Men Checked Tailored Fit Shirt,2499,975
Buda Jeans Co,Men Regular Fit Cotton Shirt with Flap Pockets,2099,861
Buda Jeans Co,Men Regular Fit Shirt with Patch Pocket,1599,688
MORLY,Men Floral Regular Fit Shirt,999,390
INDIAN NEEDLE,Men Regular Fit Shirt with Flap Pockets,2299,874
LOUIS PHILIPPE,Men Slim Fit Shirt with Button-Down Collar,2199,1429
British Club,Men Checked Slim Fit Shirt with Patch Pocket,2199,748
ARROW,Men Striped Slim Fit Cotton Shirt with Patch Pocket,2399,1367
The Indian Garage Co,Checked Shirt with Patch Pocket,1749,420
ARMANI EXCHANGE,Classic Cotton Twill Shirt,11999,6000
GAP,Men Checked Slim Fit Shirt with Patch Pocket,2799,1679
Bullmer,Men Regular Fit Shirt,1999,540
NETPLAY,Men Striped Slim Fit Shirt,nan,799
GAP,Brannan Bear Embroided Shirt with Button Down Collar,2499,1499
BROOKS BROTHERS,Stretch Cotton Button-Down Sport Shirt,14000,7000
ARROW,Men Checked Slim Fit Shirt with Patch Pocket,2499,750
The Indian Garage Co,Men Checked Slim Fit Shirt with Patch Pocket,2049,451
The Indian Garage Co,Men Striped Slim Fit Shirt with Patch Pocket,1649,528
BROOKS BROTHERS,Slim Fit Linen Sports Shirt,10000,4200
Campus Sutra,Men Regular Fit Shirt with Spread Collar,1899,627
THE BEAR HOUSE,Men Checked Slim Fit Shirt with Patch Pocket,2599,910
SOLSTICE,Men Regular Fit Shirt,999,499
The Indian Garage Co,Spread Collar Shirt with Patch Pocket,1749,455
Ramraj Cotton,Tailored Fit Spread-Collar Shirt,nan,639
Campus Sutra,Men Regular Fit Spread Collar Shirt,1899,703
GESPO,Men Regular Fit Shirt with Spread Collar,1499,285
The Indian Garage Co,Men Checked Slim Fit Shirt,1749,525
The Indian Garage Co,Striped Shirt with Patch Pocket,1749,455
SNITCH,Men Shirt with Spread Collar,nan,1099
ALLEN SOLLY,Men Striped Slim Fit Shirt,1899,1329
ASOS DESIGN,Ornate Print Relaxed Fit Revere Shirt,3499,2449
NETPLAY,Men Checked Slim Fit Cotton Shirt,899,638
KHUSHI CREATION,Men Regular Fit Shirt with Buttoned Flap-Pockets,1998,400
SNITCH,Men Striped Slim Fit Shirt with Spread Collar,1998,999
JOHN PLAYERS JEANS,Men Indigo Washed Checked Slim Fit Shirt,1999,600
NETPLAY,Men Smart Fit Shirt with Patch Pocket,nan,799
NETPLAY,Men Checked Slim Fit Shirt,nan,699
THE BEAR HOUSE,Checks Slim Fit Shirt,2495,749
Urban Buccachi,Men Regular Fit Shirt with Spread Collar,1799,429
Voroxy X AG,Men Striped Regular Fit Shirt,1999,280
Instafab Plus,Men Relaxed Fit Shirt,2499,975
THE BEAR HOUSE,Striped Slim Fit Shirt with Patch Pocket,2495,923
Campus Sutra,Men Stripes Regular Fit Shirt,1899,703
KRUMPER,Men Striped Regular Fit Shirt with Patch Pocket,799,320
NETPLAY,Men Leaf Print Regular Fit Cotton Shirt,nan,799
Jankit Designer,Men Regular Fit Shirt,1999,500
THE BEAR HOUSE,Men Relaxed Fit Shirt,3399,1462
DNMX,Men Regular Fit Shirt with Welt Pocket,699,496
Bene Kleed,Floral Print Slim Fit Shirt,2099,420
ARMANI EXCHANGE,Logo Embroidered Regular Fit Shirt,11999,6000
La Martina,Embroidered Logo Tailored Fit Shirt,2999,1799
JOVEN,Men Checked Regular Fit Shirt,1499,495
Campus Sutra,Men Checked Regular Fit Shirt with Patch Pocket,1899,703
SIN,Men Typographic Print Slim Fit Shirt,1699,1070
The Indian Garage Co,Men Striped Hooded Slim Fit Shirt,1749,385
NETPLAY,Men Core Oxford Slim Fit Shirt with Patch Pocket,nan,699
GAP,Striped Button-Down Oxford Shirt with Full Sleeves,2999,1799
RED TAPE,Men Shirt with Button Down Collar,4499,675
U.S. Polo Assn.,Men Floral Print Tailored Fit Shirt,2499,1299
The Indian Garage Co,Printed Shirt with Patch Pocket,2199,660
The Indian Garage Co,Men Striped Slim Fit Cotton Shirt,1749,455
DENNISLINGO PREMIUM ATTIRE,Slim Fit Shirt with Patch Pocket,1849,666
KHUSHI CREATION,Men Regular Fit Shirt with Spread-Collar,1998,400
ASOS DESIGN,Boxy Oversized Denim Shirt with Chest Embroidery,3499,2449
NETPLAY,Men Crinkled Smart Fit Shirt with Patch Pocket,699,496
Hardsoda,Men Striped Regular Fit Shirt with Patch Pocket,2199,506
British Club,Leaf Print Slim Shirt with Patch Pocket,1895,720
BREAKPOINT NXT,Men Checked Slim Fit Shirt with Patch Pocket,1299,390
SNITCH,Men Checked Slim Fit Shirt,1998,999
SUPERDRY,Long Sleeve Classic Oxford Shirt,4999,2350
LOUIS PHILIPPE,Men Extra Slim Fit Shirt,2499,1724
British Club,Men Checked Regular Fit Shirt,2095,754
Jankit Designer,Spread Collar Shirt with Short Sleeves,1999,500
BROOKS BROTHERS,Slim Fit Linen Sports Shirt,12000,5040
The Indian Garage Co,Checked Shirt with Patch Pocket,2049,656
The Indian Garage Co,Shirt with Patch Pocket,1749,455
The Indian Garage Co,Spread Collar Shirt with Patch Pocket,1749,525
H&M,Men Regular Fit Printed Resort Shirt,nan,1299
GAP,Solid Oxford Shirt With Pinned Collar Detail,2799,1400
U.S. Polo Assn.,Men Checked Tailored Fit Shirt,2699,1403
MORLY,Men Floral Print Regular Fit Shirt,1499,435
RAMADHANI CLOTH,Men Shirt with Band Collar,1699,340
Urban Buccachi,Men Regular Fit Shirt,1299,351
The Indian Garage Co,Men Checked Slim Fit Shirt with Patch Pocket,1749,455
The Indian Garage Co,Men Checked Slim Fit Shirt,1749,385
Noble Monk,Men Hooded Shirt with Full Sleeves,1299,403
U.S. Polo Assn.,Men Checked Slim Fit Shirt with Patch Pocket,2699,1269
British Club,Men Checked Regular Fit Shirt with Patch Pocket,1995,878
MANIAC,Men Striped Oversized Shirt,2429,704
US POLO ASSN.,Men Patterned Slim Fit Shirt with Patch Pocket,2899,1739
The Indian Garage Co,Men Checked Slim Fit Shirt with Patch Pocket,1749,437
NETPLAY,Men Patterned Regular Fit Cotton Shirt,799,567
Noble Monk,Men Regular Fit Hooded Shirt with Patch Pocket,1299,403
GAP,Men Short Sleeve Resort Collar Linen Blend Shirt,2499,1499
WUXI,Cuban Collar Shirt with Short Sleeves,2399,336
SNITCH,Authentic Corduroy Slim Fit Shirt,2798,1299
U.S. Polo Assn.,Men Plaid Check Tailored Fit Shirt,2699,810
NETPLAY,Men Checked Slim Fit Cotton Shirt with Patch Pocket,799,567
DNMX,Men Checked Regular Fit Shirt with Patch Pocket,699,496
U.S. Polo Assn.,Men Checked Slim Fit Shirt,2499,875
KHUSHI CREATION,Men Regular Fit Shirt with Patch Pocket,1996,399
THE BEAR HOUSE,Men Striped Slim Fit Shirt with Patch Pocket,1995,778
NETPLAY,Men Embroidered Smart Fit Cotton Shirt,699,496
The Indian Garage Co,Twin Striped Shirt with Patch Pocket,1749,507
GAP,Men Striped Full Sleeve Poplin Shirt,nan,2799
NETPLAY,Men Crinkled Smart Fit Shirt with Patch Pocket,699,496
Buda Jeans Co,Men Relaxed Fit Oxford Shirt,1599,688
Urban Buccachi,Men Regular Fit Shirt,1799,429
British Club,Men Checked Slim Fit Shirt,2295,367
SNITCH,Men Slim Fit Button-Down Shirt,nan,999
The Souled Store,Men Graphic Print Oversized Shirt with Spread Collar,nan,1999
ASOS DESIGN,Regular Fit Denim Over Shirt with Chest Embroidery,3499,2449
SNITCH,Fausto Striped Slim Fit Shirt,1598,799
KHUSHI CREATION,Men Regular Fit Shirt,698,300
U.S. Polo Assn.,Men Checked Print Tailored Fit Shirt,2499,1050
MISCHIEF MONKEY,Men Tailored Fit Shirt with Spread-Collar,4999,699
Lee Cooper,Men Button-Down Collar Regular Fit Shirt,nan,1299
GAP,Plaid Button-Down Oxford Shirt with Full Sleeves,2999,1799
U.S. Polo Assn.,Men Slim Fit Shirt with Patch Pocket,2499,1225
Hardsoda,Plus Size Men Light-Wash Denim Fit Shirt,2299,736
U.S. Polo Assn.,Men Oxford Slim Fit Shirt with Patch Pocket,2299,1127
ARMANI EXCHANGE,Slim Fit Shirt,8999,4500
The Indian Garage Co,Checked Shirt with Patch Pocket,2199,572
JAINISH,Checked Shirt with Spread Collar,1699,578
U.S. Polo Assn.,Men Geometric Print Tailored Fit Shirt,2499,1749
Marks & Spencer,Easy Iron Pure Cotton Oxford Shirt,1999,1059
Vaatko,Men Shirt with Spread Collar,999,370
U.S. Polo Assn.,Men Striped Slim Fit Shirt with Patch Pocket,2499,1125
SNITCH,Classic Shirt with Patch Pocket,999,500
NETPLAY,Men Slim Fit Shirt,nan,699
BROOKS BROTHERS,Regular Fit Oxford Check Shirt,10000,5000
JACK & JONES Premium,Men Slim Fit Shirt with Embroidered Logo,3299,1353
NETPLAY,Men NP06 Slim Fit Shirt with Band Collar,nan,499
PUREZA,Men Printed Slim Fit Shirt,799,384
INDIAN NEEDLE,Men Printed Regular Fit Shirt,2799,924
SOLSTICE,Men Textured Boxy Fit Shirt,999,290
NETPLAY,Men Checked Slim Fit Shirt,nan,799
The Indian Garage Co,Men Striped Regular Fit Shirt with Patch Pocket,2049,389
The Indian Garage Co,Men Checked Slim Fit Shirt with Patch Pocket,1749,437
INDO Cotton,Men Slim Fit Shirt,2499,700
ALLEN SOLLY,Slim Fit Shirt with Patch Pocket,1499,1049
NETPLAY,Men Checked Regular Fit Shirt,nan,499
LOUIS PHILIPPE,Men Stripes Extra Slim Fit Shirt,2799,1791
Campus Sutra,Men Striped Regular Fit Shirt,1899,646
THE BEAR HOUSE,Men Checked Slim Fit Shirt with Patch Pocket,2599,1248
BREAKPOINT NXT,Men Checked Boxy Fit Shirt with Flap Pockets,1499,450
JAINISH,Men Solid Regular Fit Shirt,1299,520
Relicx outlanders,Men Regular Fit Shirt,1299,351
ACCOX,Men Solid Regular Fit Shirt,1480,622
MISCHIEF MONKEY,Men Tailored Fit Striped Shirt,4999,799
The Indian Garage Co,Shirt with Patch Pocket,1749,542
BROOKS BROTHERS,Regular Fitted End On End Friday Sports Shirt,10000,4200
NETPLAY,Men Smart Fit Shirt,nan,799
BREAKPOINT NXT,Men Checked Slim Fit Shirt with Patch Pocket,1299,390
ALLEN SOLLY,Men Micro-Print Full-Length Collar Shirt,1699,1189
British Club,Men Checked Slim Fit Shirt,2095,754
DNMX FOR TRENDS SELECT,Men Printed Relaxed Fit Shirt,599,425
ASOS DESIGN,Relaxed Fit Revere Shirt with Chest & Back Print,2999,2099
EYEBOGLER,Men Regular Fit Shirt,1299,429
RED TAPE,Men Shirt with Button Down Collar,4199,630
U.S. Polo Assn.,Men Tailored Fit Shirt,2299,1150
British Club,Men Checked Regular Fit Shirt,2095,712
The Indian Garage Co,Checked Shirt with Patch Pocket,1749,472
U.S. Polo Assn.,Men Tailored Fit Cotton Shirt,2299,1195
VEERYA,Men Regular Fit Linen Shirt with Patch Pocket,nan,2499
ASOS DESIGN,Relaxed Fit Revere Shirt with Chest & Back Print,2999,2099
British Club,Men Checked Slim Fit Shirt,1995,798
The Indian Garage Co,Tropical Print Shirt with Patch Pocket,1749,490
NETPLAY,Men Core Oxford Slim Fit Shirt with Patch Pocket,nan,699
The Indian Garage Co,Men Paisley Print Relaxed Fit Resort Wear Shirt,1999,440
Campus Sutra,Men Regular Fit Shirt with Spread Collar,1899,703
SNITCH,Men Slim Fit Shirt with Spread Collar,nan,1399
The Indian Garage Co,Checked Slim Fit Shirt with Patch Pocket,1749,525
HK FASHION,Men Self-design Regular Fit Shirt,999,299
Andamen,Striped Regular Fit Cotton Shirt,3990,2793
DENNISLINGO PREMIUM ATTIRE,Slim Fit Shirt with Patch Pocket,1849,684
JACK & JONES Premium,Men Slim Fit Shirt with Embroidered Logo,3299,1353
Buda Jeans Co,Men Regular Fit Shirt,1599,704
HK FASHION,Men Regular Fit Shirt,999,279
NETPLAY,Men Core Oxford Slim Fit Shirt with Patch Pocket,nan,699
U.S. Polo Assn.,Men Checked Slim Fit Shirt,2499,1100
British Club,Men Checked Slim Fit Cotton Shirt,1995,658
NETPLAY,Men Slim Fit Shirt with Band Collar,699,496
The Indian Garage Co,Spread Collar Shirt with Patch Pocket,1749,455
MAX,Men Shirt with Patch Pocket,749,599
Voroxy X AG,Men Striped Regular Fit Shirt,1999,280
MISCHIEF MONKEY,Men Spread-Collar Tailored Fit Shirt,4999,799
The Indian Garage Co,Checked Shirt with Patch Pocket,1749,437
ARMANI EXCHANGE,Men Regular Fit Cotton Stretch Shirt,12999,6500
Vooter,Men Self-Design Regular Fit Shirt,1999,500
MISCHIEF MONKEY,Men Spread-Collar Tailored Fit Shirt,4999,799
U.S. Polo Assn.,Men Printed Regular Fit Shirt with Spread Collar,2499,1749
DENNISLINGO PREMIUM ATTIRE,Striped Slim Fit Shirt,2499,650
The Indian Garage Co,Men Slim Fit Striped Shirt with Patch Pocket,1649,495
POIPET,Men Graphic Print Regular Fit Shirt,1999,580
U.S. Polo Assn.,Men Checked Tailored Fit Shirt,2499,1150
NETPLAY,Men Smart Fit Cotton Shirt,699,496
NETPLAY,Men NP 35 Checked Slim Fit Cotton Shirt with Patch Pocket,799,567
GAP,Men Checked Regular Fit Shirt with Patch Pocket,nan,2999
RED TAPE,Men Checked Regular Fit Shirt,3299,627
NETPLAY FOR TRENDS SELECT,Men Striped Regular Fit Shirt,699,496
THE BEAR HOUSE,Men Stripes Slim Fit Shirt,2599,1300
Indo_primo,Men Checked Regular Fit Shirt with Patch Pocket,999,249
British Club,Men Micro Print Slim Fit Shirt with Patch Pocket,1995,339
GAP,Striped Button-Down Poplin Shirt,2799,1679
NETPLAY,Men NP35 Checked Slim Fit Shirt with Patch Pocket,nan,799
MUFTI,Men Geometric Print Slim Fit Shirt,2399,816
The Indian Garage Co,Men Slim Fit Checked Shirt with Patch Pocket,1749,455
SNITCH,Men Slim Fit Shirt with Button-Down Collar,nan,999
Indo_primo,Men Checked Regular Fit Shirt,999,409
SNITCH,Men Checked Slim Fit Shirt,2398,600
The Indian Garage Co,Checked Slim Fit Shirt,1749,455
MAX,Shirt with Patch Pocket,749,599
Jack & Jones,Men Slim Fit Shirt with Flap Pockets,3299,1155
LOUIS PHILIPPE,Men Stripes Slim Fit Shirt,2699,1727
SNITCH,Men Checked Regular Fit Shirt with Button-Down Collar,nan,1199
SIN,Men Slim Fit Shirt,1699,985
NETPLAY,Men Smart Fit Shirt,nan,799
The Indian Garage Co,Men Checked Slim Fit Shirt with Patch Pocket,1949,370
U.S. Polo Assn.,Men Birdeye Slim Fit Shirt with Patch Pocket,2299,1127
DNMX FOR TRENDS SELECT,Men Printed Relaxed Fit Shirt,699,496
Urban Buccachi,Men Regular Fit Band Collar Shirt,1399,350
SNITCH,Men Slim Fit Shirt with Spread Collar,nan,1399
The Indian Garage Co,Checked Shirt with Buttoned Flap Pockets,1849,592
H&M,Men Loose Fit Shirt,nan,1499
The Indian Garage Co,Men Checked Slim Fit Shirt,1749,455
LEVIS,Men Checked Slim Fit Shirt with Patch Pocket,2699,1107
Instafab Plus,Men Relaxed Fit Shirt,2499,975
LOUIS PHILIPPE,Men Slim Fit Shirt,2299,1356
DENNISLINGO PREMIUM ATTIRE,Full Sleeves Slim Fit Classic Shirt,1849,481
Vastrado,Men Stripes Slim Fit Shirt,1649,742
NETPLAY FOR TRENDS SELECT,Men Printed Slim Fit Shirt,799,567
U.S. Polo Assn.,Men Checked Regular Fit Shirt with Patch Pocket,2699,1323
MAX,Men Solid Shirt with Collar Neckline,999,699
MISCHIEF MONKEY,Men Tailored Fit Cotton Shirt with Patch Pocket,4999,799
Urban Buccachi,Men Regular Fit Shirt,1799,429
SUPERDRY,Embroidered Check Overshirt,7999,4000
GAP,Men Ribbed Regular Fit Corduroy Shirt with Patch Pocket,2999,1799
Campus Sutra,Striped Shirt with Spread Collar,1499,570
WUXI,Men Loose Fit Shirt,1499,300
ALTAIR,Men Checked Slim Fit Shirt,1399,420
INDIAN TERRAIN,Men Striped Pure Cotton Slim Fit Shirt,1899,741
DNMX FOR TRENDS SELECT,Men Checked Regular Fit Shirt,799,567
MORLY,Men Checked Boxy Fit Shirt with Patch Pocket,1499,480
NETPLAY,Men Regular Fit Shirt,799,567
ALLEN SOLLY,Checked Slim Shirt with Patch Pocket,1799,1259
NETPLAY,Cotton Shirt with Patch Pocket,599,425
DNMX FOR TRENDS SELECT,Men Checked Regular Fit Shirt,799,567
RED TAPE,Men Checked Regular Fit Shirt,3299,627
LOUIS PHILIPPE,Men Regular Fit Shirt,2299,1356
Vaatko,Men Shirt with Spread Collar,999,370
Urban Buccachi,Men Regular Fit Shirt,1299,351
The Indian Garage Co,Checked Shirt with Patch Pocket,2049,615
Hardsoda,Plus Size Men Printed Casual Shirt,2049,533
BROOKS BROTHERS,Non-Iron Oxford Sports Shirt,12000,5640
The Indian Garage Co,Men Patterned Regular Fit Shirt with Patch Pocket,2049,389
DENNISLINGO PREMIUM ATTIRE,Striped Shirt with Patch Pocket,2599,676
U.S. Polo Assn.,Men Striped Slim Fit Shirt with Patch Pocket,2699,1323
U.S. Polo Assn.,Men Regular Fit Shirt with Patch Pocket,2499,1225
The Indian Garage Co,Men Striped Slim Fit Shirt with Patch Pocket,1749,525
KHUSHI CREATION,Men Regular Fit Shirt with Spread-Collar,1998,400
LOUIS PHILIPPE,Men Checks Slim Fit Shirt,2699,1727
Urban Buccachi,Men Regular Fit Shirt,1299,351
MISCHIEF MONKEY,Men Spread-Collar Tailored Fit Shirt,4999,699
MAX,Men Cotton Shirt with Patch Pocket,999,599
THE BEAR HOUSE,Striped Full-Sleeves Shirt,2495,873
NETPLAY,Men Checked Slim Fit Shirt with Patch Pocket,799,567
U.S. Polo Assn.,Men Striped Regular Fit Shirt,2899,1507
MISCHIEF MONKEY,Men Tailored Fit Shirt with Embroidered Logo,3999,599
The Indian Garage Co,Men Striped Slim Fit Shirt,2099,462
THE BEAR HOUSE,Men Slim Fit Shirt,3399,1190
JAINISH,Men Stripes Regular Fit Shirt,1299,572
The Indian Garage Co,Printed Slim Fit Shirt,1749,455
U.S. Polo Assn.,Striped Cotton Shirt with Button-Down Collar,2699,1889
The Indian Garage Co,Men Checked Slim Fit Shirt with Patch Pocket,1749,437
Jankit Designer,Men Regular Fit Shirt,1999,500
MISCHIEF MONKEY,Tailored Fit Shirt with Spread Collar,4999,699
U.S. Polo Assn.,Men Tailored Fit Shirt,2299,1195
THE BEAR HOUSE,Men Checked Slim Fit Shirt with Patch Pocket,2599,1118
Woxen,Men Spread-Collar Regular Fit Shirt,1599,560
iVOC,Men Checked Regular Fit Shirt,3499,385
The Indian Garage Co,Men Checked Slim Fit Shirt with Patch Pocket,2049,635
SPYKAR,Men Regular Slim Fit Shirt,2499,1075
Andamen,Men Linen Printed Classic Shirt,5590,3913
Hardsoda,Men Striped Regular Fit Shirt with Patch Pocket,2249,517
U.S. Polo Assn.,Men Slim Fit Cotton Shirt with Patch Pocket,2299,1172
U.S. Polo Assn.,Men Regular Fit Shirt with Logo Embroidery,nan,3199
Campus Sutra,Men Regular Fit Shirt,1899,741
ARMANI EXCHANGE,Men Regular Fit Cotton Stretch Shirt,12999,6500
NETPLAY,Men Smart Fit Shirt,nan,899
SNITCH,Men Shirt with Spread Collar,nan,1199
MORLY,Men Regular Fit Shirt,999,390
WHITE CREST,Men Slim Fit Shirt,799,240
U.S. Polo Assn.,Men Tailored Fit Shirt,2499,1299
BANANA CLUB,Polka-Dot Regular Fit Shirt,1498,1049
U.S. Polo Assn.,Men Checked Tailored Fit Shirt,2499,1050
US POLO ASSN.,Men Striped Tailored Fit Shirt,2699,1619
Vastrado,Men Checks Slim Fit Shirt,1899,855
La Martina,Checked Slim Fit Shirt with Embroidered Logo,3599,2519
BREAKPOINT NXT,Men Checked Boxy Fit Shirt with Flap Pockets,1499,450
Jankit Designer,Men Printed Regular Fit Shirt with Spread Collar,1999,500
GAP,Men Button-Down Collar Flannel Shirt,2999,1799
NETPLAY,Men Core Oxford Slim Fit Shirt with Patch Pocket,nan,699
WHITE CREST,Men Slim Fit Shirt,1199,360
UNITED COLORS OF BENETTON,Men Checked Slim Fit Shirt,2799,1819
SUPERDRY,Classic Long-Sleeve Fil-A-Fil Shirt,4999,2350
U.S. Polo Assn.,Men Checked Tailored Fit Shirt with Patch Pocket,2699,891
SURHI,Men Check Hooded Shirt,1990,378
SNITCH,Men Spread Collar Slim Fit Shirt,1998,500
UNITED COLORS OF BENETTON,Men Regular Fit Denim Shirt,3999,1200
ARROW,Men Checked Slim Fit Cotton Shirt,2499,825
THE BEAR HOUSE,Men Checked Regular Fit Shirt with Button-Down Collar,2599,1040
The Indian Garage Co,Checked Shirt with Patch Pocket,1749,542
SUPERDRY,Ultra-Light Army Corp Long Sleeves Shirt,7999,3760
The Indian Garage Co,Men Striped Slim Fit Shirt,1949,507
U.S. Polo Assn.,Men Regular Fit Shirt,2499,1225
Indo_primo,Men Regular Fit Shirt with Spread Collar,999,499
Linza,Men Regular Fit Shirt,1699,527
The Indian Garage Co,Checked Shirt with Patch Pocket,1749,542
The Indian Garage Co,Men Checked Slim Fit Shirt with Patch Pocket,1949,370
WHITE CREST,Men Slim Fit Shirt,1099,330
SUPERDRY,Classic Oxford Regular Fit Shirt with Button-Down Collar,3999,1880
The Indian Garage Co,Checked Shirt with Patch Pocket,1749,542
BANANA CLUB,Men Embroidered Slim Fit Shirt,2280,1094
Voroxy X AG,Men Striped Regular Fit Shirt,1999,280
DENNISLINGO PREMIUM ATTIRE,Full Sleeves Slim Fit Shirt,1849,629
Campus Sutra,Men Spread-Collar Regular Fit Shirt,1899,741
Urban Buccachi,Men Regular Fit Shirt with Spread Collar,1799,429
WHITE CREST,Men Slim Fit Shirt,699,210
Ketch,Men Checked Slim Fit Shirt,999,270
The Indian Garage Co,Men Slim Fit Checked Shirt with Patch Pocket,1749,420
DNMX,Men Regular Fit Shirt with Patch Pocket,nan,899
Shein,Shein Street Cuban Collar Short Sleeve Striped Semi-sheer Knitted Shirt,nan,499
DNMX,Men Regular Fit Shirt with Patch Pocket,699,496
Lee Cooper,Men Regular Fit Shirt,2499,1774
INDIAN NEEDLE,Men Checked Regular Fit Shirt,2399,672
Relicx outlanders,Men Regular Fit Shirt,1299,351
Vooter,Mandarin Collar Shirt with Short Sleeves,1999,440
Terra Luna,Men Slim Fit Shirt,nan,4999
British Club,Men Checked Slim Fit Cotton Shirt,1995,658
POIPET,Men Floral Print Regular Fit Shirt with Short Sleeves,1999,500
The Indian Garage Co,Checked Shirt with Patch Pocket,1749,542
The Indian Garage Co,Checked Hooded Shirt with Flap Pockets,1899,589
MORLY,Men Floral Regular Fit Shirt,999,390
ADWYN PETER,Men Regular Fit Shirt with Spread Collar,1111,556
U.S. Polo Assn.,Men Floral Print Tailored Fit Shirt,2499,1225
U.S. Polo Assn.,Men Tailored Fit Shirt with Patch Pocket,2299,1609
British Club,Men Checked Slim Fit Shirt with Patch Pocket,2195,702
MISCHIEF MONKEY,Men Tailored Fit Shirt with Patch Pocket,4999,899
Bullmer,Men Colourblock Regular Fit Shirt with Spread Collar,1999,620
Ketch,Men Micro Print Slim Fit Cotton Shirt,1899,475
GAP,Men Striped Regular Fit Cotton Shirt,2999,1799
Voroxy X AG,Men Checked Regular Fit Shirt,1499,240
The Indian Garage Co,Men Checked Regular Fit Shirt,1749,525
The Indian Garage Co,Men Checked Slim Fit Shirt,1999,580
NETPLAY FOR TRENDS SELECT,Men Regular Fit Shirt,799,567
The Indian Garage Co,Striped Shirt with Patch Pocket,1749,472
The Indian Garage Co,Men Checked Slim Fit Shirt with Patch Pocket,1749,420
HK FASHION,Men Self-design Regular Fit Shirt,999,299
La Martina,Men Striped Tailored Fit Cotton Shirt,3799,2279
Hardsoda,Men Striped Regular Fit Shirt,2249,517
DNMX,Men Regular Fit Shirt,nan,699
The Indian Garage Co,Cotton Shirt with Patch Pocket,1749,542
U.S. Polo Assn.,Men Tailored Fit Shirt,2699,1323
VAN HEUSEN,Men Slim Fit Shirt,2299,1264
NETPLAY FOR TRENDS SELECT,Men Printed Slim Fit Shirt,799,567
Hardsoda,Men Checked Regular Fit Shirt with Patch Pocket,2199,506
GAS,Men Slim Fit Shirt with Spread Collar,3999,2399
Andamen,Stripes Regular Fit Shirt,nan,4590
WUXI,Men Textured Loose Fit Cuban Collar Shirt,1499,300
Ketch,Men Striped Slim Fit Shirt,1799,450
British Club,Windowpane Checks Slim Fit 60'S Giza Cotton Shirt,2899,841
Jack & Jones,Men Regular Fit Shirt with Flap Pockets,3999,1720
KRUMPER,Men Regular Fit Cotton Shirt with Patch Pocket,899,360
CROCODILE,Men Checked Regular Fit Shirt with Cuffed Sleeves,2499,1824
U.S. Polo Assn.,Tailored Fit Shirt with Logo Embroidery,nan,2199
Woxen,Men Regular Fit Shirt with Spread Collar,2099,525
WHITE CREST,Men Slim Fit Cotton Shirt,999,300
LP JEANS,Men Crinkled Slim Fit Cotton Shirt with Patch Pocket,2299,1356
WEBRIC,Men Regular Fit Spread-Collar Shirt,1099,330
Noble Monk,Men Ribbed Regular Fit Shirt with Short Shorts,1299,351
The Indian Garage Co,Checked Shirt with Patch Pocket,1749,525
Buda Jeans Co,Men Relaxed Fit Oxford Shirt,1599,688
BRUCEWANE,Men Regular Fit Shirt with Patch Pocket,1999,520
The Indian Garage Co,Mandarin Collar Shirt with Patch Pocket,1749,420
JAINISH,Men Solid Regular Fit Shirt,1299,481
British Club,Men Checked Slim Fit Shirt,2295,689
Campus Sutra,Men Checked Regular Fit Shirt with Spread Collar,1899,494
GAP,Men Checked Slim Fit Shirt,2799,1400
Mameru,Men Slim Fit Shirt,1699,510
DENNISLINGO PREMIUM ATTIRE,Men Cotton Regular Fit Shirt,2299,621
Thinc,Men Slim Fit Printed Shirt,3599,1188
U.S. Polo Assn.,Men Regular Fit Shirt with Patch Pocket,2299,1127
Vastrado,Men Slim Fit Shirt with Spread Collar,1999,900
JAINISH,Men Solid Regular Fit Shirt,1299,520
THE BEAR HOUSE,Striped Shirt with Patch Pocket,2495,873
DNMX,Men Checked Regular Fit Shirt with Patch Pocket,799,567
Vastrado,Men Slim Fit Shirt,2149,967
Marmic Fab,Men Checked Regular Fit Shirt,1599,416
CHIMPAAANZEE,Men Checked Oversized Fit Shirt with Patch Pocket,1499,750
THE BEAR HOUSE,Men Checked Slim Fit Shirt,2495,923
DENNISLINGO PREMIUM ATTIRE,Classic Slim Fit Shirt with Spread Collar,1849,573
PETER ENGLAND CASUALS,Men Regular Fit Shirt with Patch Pocket,1499,720
NETPLAY FOR TRENDS SELECT,Men Floral Print Regular Fit Shirt,699,496
Ad By Arvind,Men Slim Fit Shirt with Spread Collar,1599,640
KHUSHI CREATION,Men Regular Fit Shirt with Patch Pocket,1996,399
Fashion 2 Wear,Men Spread Collar Shirt with Full Sleeves,2499,600
THE BEAR HOUSE,Checked Slim Fit Shirt,2495,749
Vastrado,Men Striped Slim Fit Shirt with Patch Pocket,1349,607
Voroxy X AG,Men Geometric Print Regular Fit Shirt,1499,240
MAX,Men Slim Fit Shirt with Patch Pocket,999,699
ALTAIR,Men Checked Slim Fit Shirt,899,432
Andamen,Striped Shirt with Curved Hem,nan,4990
NETPLAY,Men Patterned Regular Fit Cotton Shirt,799,567
NETPLAY FOR TRENDS SELECT,Men Striped Slim Fit Shirt,799,567
SNITCH,Regular Fit Shirt with Flap Pockets,2998,1499
U.S. Polo Assn.,Men Regular Fit Shirt,2299,1081
ACCOX,Men Striped Regular Fit Shirt,1480,607
MORLY,Men Patterned Boxy Fit Shirt with Patch Pocket,1499,390
The Indian Garage Co,Checked Shirt with Patch Pocket,1949,565
U.S. Polo Assn.,Men Striped Print Slim Fit Shirt,2499,1874
The Indian Garage Co,Men Checked Slim Fit Shirt with Patch Pocket,1749,455
Belpatra,Men Regular Fit Shirt,999,329
Andamen,Slim Fit Shirt with Logo Embroidery,nan,3990
THE BEAR HOUSE,Men Striped Slim Fit Shirt,2599,962
UNITED COLORS OF BENETTON,Men Checked Slim Fit Shirt,2999,1949
NETPLAY,Men Checked Regular Fit Cotton Shirt,nan,799
Buda Jeans Co,Men Striped Slim Fit Shirt,1599,704
British Club,Men Striped Slim Fit Shirt,2295,390
NETPLAY,Men Bedford Dobby Slim Fit Shirt with Patch Pocket,nan,699
The Indian Garage Co,Striped Shirt with Patch Pocket,2199,682
WHITE CREST,Men Slim Fit Shirt,999,300
The Indian Garage Co,Spread-Collar Shirt with Patch Pocket,1749,542
Buda Jeans Co,Men Regular Fit Half Sleeve Cotton Shirt,1499,615
DENNISLINGO PREMIUM ATTIRE,Slim Fit Shirt with Patch Pocket,1849,481
WHITE CREST,Men Slim Fit Shirt,1199,360
The Indian Garage Co,Checked Shirt with Patch Pocket,1749,542
GAP,Checked Button-Down Poplin Shirt,2799,1679
Tistabene,Striped Shirt with Spread Collar,1799,360
Noble Monk,Men Ribbed Regular Fit Hooded Shirt with Patch Pocket,1299,468
U.S. Polo Assn.,Men Printed Tailored Fit Shirt,2199,924
ALLEN SOLLY,Micro Print Cotton Shirt with Patch Pocket,1499,1334
The Indian Garage Co,Men Checked Slim Fit Shirt with Patch Pocket,1749,472
The Indian Garage Co,Striped Shirt with Patch Pocket,2099,630
SNITCH,Men Checked Slim Fit Shirt,2598,1299
BREAKPOINT NXT,Men Checked Boxy Fit Shirt with Flap Pockets,1499,450
British Club,Men Checked Slim Fit Shirt with Patch Pocket,2195,659
Cantabil,Cotton Regular Fit Shirt,2999,900
ARMANI EXCHANGE,All-Over Logo Print Slim Fit Cotton Shirt,9999,4700
U.S. Polo Assn.,Men Checked Tailored Fit Shirt,2499,1225
MORLY,Men Geometric Regular Fit Shirt,999,390
LOUIS PHILIPPE,Men Striped Regular Fit Shirt,2499,1474
Hardsoda,Men Checked Regular Fit with Patch Pocket,2249,720
British Club,Men Printed Regular Fit Shirt,1995,718
Vooter,Men Leaf Print Regular Fit Shirt,1999,440
NETPLAY,Cotton Shirt with Patch Pocket,nan,599
Vaatko,Men Shirt with Spread Collar,999,370
THE BEAR HOUSE,Men's Cotton Striped Slim Fit Shirt,3399,1258
U.S. Polo Assn.,Men Tailored Fit Shirt,2299,1127
WEBRIC,Men Regular Fit Shirt,1099,330
NETPLAY,Men Checked Regular Fit Shirt with Patch Pocket,nan,499
MISCHIEF MONKEY,Men Tailored Fit Shirt,4999,899
Pactimo,Men Regular Fit Shirt with Spread Collar,1899,817
Buda Jeans Co,Men Regular Fit Denim Shirt,1499,1349
SNITCH,Men Slim Fit Checked Shirt,2598,1299
Be Active X AG,Men Ombre-Dyed Regular Fit Shirt,2499,800
WHITE CREST,Men Slim Fit Cotton Shirt,999,300
Ketch,Men Floral Slim Fit Shirt,1549,387
Marks & Spencer,Striped Linen Shirt,4499,1215
NETPLAY,Men Slim Fit Shirt,799,567
NETPLAY FOR TRENDS SELECT,Men Slim Fit Shirt,799,567
NETPLAY,Men Regular Fit Shirt,nan,799
WEBRIC,Men Textured Regular Fit Shirt,1099,330
U.S. Polo Assn.,Men Tailored Fit Shirt,2499,1299
NETPLAY,Slim Fit Shirt with Patch Pocket,nan,1049
The Indian Garage Co,Checked Shirt with Patch Pocket,1749,542
DNMX,Men Regular Fit Shirt with Flap Pockets,999,709
DNMX,Men Checked Regular Fit Shirt,699,496
NETPLAY,Men Smart Fit Shirt,nan,799
NETPLAY FOR TRENDS SELECT,Men Printed Regular Fit Shirt,699,496
Campus Sutra,Men Floral Woven Regular Fit Shirt,1899,608
SNITCH,Men Checks Relaxed Fit Shirt,nan,1299
Buda Jeans Co,Men Relaxed Fit Half Sleeve Shirt with Resort Collar,1499,645
GAP,Striped Button-Down Poplin Shirt,2799,1679
ARROW,Men Striped Slim Fit Shirt with Patch Pocket,2399,720
SNITCH,Men Geometric Print Slim Fit Shirt,2398,1199
Gant,Linen Shirt with Button-Down Collar,9999,3500
EYEBOGLER,Men Ribbed Regular Fit Shirt with Patch Pocket,1299,364
Ramraj Cotton,Pack of 2 Men Spread-Collar Regular Fit Shirts,nan,1460
AAPSKA,Men Shirt with Spread Collar,1999,460
U.S. Polo Assn.,Shirt with Embroidered Logo,2199,1539
GAP,Embroidered Orginals Logo Button Down Shirt,1999,1000
JOHN PLAYERS SELECT,Men Slim Fit Shirt,1049,745
Valen Club,Man Regular Fit Shirt,2499,625
CHARLES TYRWHITT,Men Checked Non-Iron Stretch Poplin Slim Fit Shirt,4999,2749
The Indian Garage Co,Checked Shirt with Patch Pocket,1749,472
RED TAPE,Men Checked Regular Fit Shirt,3299,627
DENNISLINGO PREMIUM ATTIRE,Checked Slim Fit Shirt with Patch Pocket,2499,650
British Club,Windowpane Checks Slim Fit 60'S Giza Cotton Shirt,2599,832
Urban Buccachi,Men Relaxed Fit Checked Shirt,999,350
INDIAN TERRAIN,Men Checked Slim Fit Shirt with Patch Pocket,3299,1287
Vaatko,Men Shirt with Spread Collar,999,370
U.S. Polo Assn.,Men Checked Tailored Fit Shirt,2499,1100
BREAKPOINT NXT,Men Checked Boxy Fit Shirt with Flap Pockets,1499,450
La Martina,Embroidered Logo Tailored Fit Shirt,2999,2099
KRUMPER,Men Regular Fit Cotton Shirt with Patch Pocket,899,360
KRUMPER,Men Regular Fit Cotton Shirt with Patch Pocket,899,360
Buda Jeans Co,Men Relaxed Fit Textured Shirt with Resort Collar,1599,656
The Indian Garage Co,Checked Shirt with Patch Pocket,1949,526
NETPLAY,Men Smart Fit Shirt,nan,799
NETPLAY FOR TRENDS SELECT,Men Striped Regular Fit Shirt,899,638
BROOKS BROTHERS,Regular Fitted Friday Fun Shirt,12000,6000
La Martina,Solid Slim Fit Cotton Stretch Oxford Shirt,3299,2144
Buda Jeans Co,Men Slim Fit Cotton Shirt with Over Stitch Details,1599,688
MORLY,Men Indian Boxy Fit Shirt,1499,480
H&M,Men Loose Fit Textured Shirt,nan,1999
ALLEN SOLLY,Men Slim Fit Cotton Shirt,1649,1154
Urban Buccachi,Men Shirt with Spread Collar,1799,429
Instafab Plus,Shirt with Patch Pocket,1999,600
Buda Jeans Co,Men Relaxed Fit Denim Shirt with Flap Pockets,1599,927
DNMX FOR TRENDS SELECT,Men Striped Relaxed Fit Shirt,799,567
ALLEN SOLLY,Men Full-Length Collar Shirt,1699,1189
ARMANI EXCHANGE,Mix Mag Regular Fit Cotton Shirt,12999,6110
Vooter,Men Floral Print Regular Fit Shirt,1999,420
U.S. Polo Assn.,Men Striped Slim Fit Shirt with Patch Pocket,2699,1376
Woxen,Men Checks Regular Fit Shirt,2099,441
NETPLAY,Men Bedford Dobby Slim Fit Shirt with Patch Pocket,nan,699
Tistabene,Jaipuri Printed Cotton Shirt With Spread Collar,1799,486
British Club,Men Checked Slim Fit Shirt,1999,740
NETPLAY,Men NP35 Basic Checked Regular Fit Cotton Shirt,nan,899
DENNISLINGO PREMIUM ATTIRE,Slim Fit Shirt with Patch Pocket,1849,573
RED TAPE,Striped Spread-Collar Shirt,3799,722
NETPLAY,Men Checked Slim Fit Shirt,nan,499
U.S. Polo Assn.,Men Checked Tailored Fit Shirt with Patch Pocket,2499,975
GAP,Striped Button-Down Poplin Shirt,2799,1679
Urban Buccachi,Men Regular Fit Shirt,1799,429
MISCHIEF MONKEY,Striped Pure Cotton Tailored Fit Shirt,4999,799
PAST MODERN,Men Embroidery Relaxed Fit Shirt,2850,1853
Indo_primo,Men Regular Fit Shirt with Spread Collar,999,499
Campus Sutra,Men Checked Regular Fit Shirt,1899,570
NETPLAY,Men Leaf Print Slim Fit Shirt,nan,699
U.S. Polo Assn.,Men Checked Regular Fit Shirt,2699,1403
NETPLAY,Men Striped Slim Fit Shirt with Patch Pocket,nan,599
ARROW,Men Checked Slim Fit Cotton Shirt,2399,792
British Club,Men Checked Regular Fit Shirt,2495,773
ALLEN SOLLY,Men Striped Full-Length Collar Shirt,2499,2224
NETPLAY FOR TRENDS SELECT,Men Knitted Regular Fit Shirt,799,567
SUPERDRY,Premium Stretch Long Sleeves Shirt,3999,1880
Urban Buccachi,Men Relaxed Fit Shirt with Button Closure,999,350
Campus Sutra,Men Regular Fit Shirt,1899,741
NETPLAY FOR TRENDS SELECT,Men Slim Fit Shirt with Patch Pocket,799,567
Marks & Spencer,Men Striped Regular Fit Shirt with Patch Pocket,2499,775
SNITCH,Men Slim Fit Shirt with Spread Collar,2398,1199
U.S. Polo Assn.,Men Floral Print Tailored Fit Shirt,2499,1274
NETPLAY,Men Patterned Regular Fit Shirt,nan,699
SUPERDRY,Trailsman Cord Shirt,5999,2820
GAP,Long Sleeves Oxford Button-Down Shirt,2999,1799
Vooter,Men Striped Regular Fit Shirt,1999,460
INDO Cotton,Men Checked Slim Fit Shirt with Cuffed Sleeves,2499,625
KHUSHI CREATION,Men Regular Fit Shirt with Spread-Collar,1998,400
Relicx outlanders,Men Regular Fit Shirt,1299,351
The Indian Garage Co,Flannel Shirt with Double Flap Pocket,1849,499
NETPLAY FOR TRENDS SELECT,Men Regular Fit Crinkle Shirt,799,567
THE BEAR HOUSE,Men Checked Slim Fit Shirt,2495,873
Campus Sutra,Men Striped Regular Fit Shirt with Spread Collar,1899,741
SPYKAR,Men Denim Slim Fit Shirt,2999,1290
The Indian Garage Co,Checked Shirt with Patch Pocket,1749,542
SUPERDRY,Printed Poplin Regular Fit Shirt,4999,2350
U.S. Polo Assn.,Men Checked Tailored Fit Shirt with Patch Pocket,2499,975
BANANA CLUB,Geometric Print Regular Fit Shirt,1498,1049
ASOS DESIGN,Striped Seersucker Textured Smart Shirt,2999,2099
Ketch,Men Slim Fit Shirt with Mandarin Collar,1649,412
NETPLAY,Men Bedford Dobby Slim Fit Shirt with Patch Pocket,nan,699
Vooter,Men Geometric Print Regular Fit Shirt with Patch Pocket,1999,500
GAP,Men Regular Fit Oxford Shirt with Spread Collar,nan,2499
British Club,Men Leaf Print Slim Fit Shirt,1895,512
MISCHIEF MONKEY,Tailored-Fit Shirt with Spread Collar,4999,699
KHUSHI CREATION,Men Regular Fit Shirt,598,257
THE BEAR HOUSE,Men Slim Fit Cotton Shirt with Patch Pocket,3399,1462
Campus Sutra,Men Crinkled Regular Fit Shirt,1899,703
U.S. Polo Assn.,Men Tailored Fit Shirt,2499,1299
GAP,Men Solid Full-Sleeve Shirt with Patch Pockets,3299,1979
LOUIS PHILIPPE,Shirt with Patch Pocket,2199,1297
Buda Jeans Co,Men Checked Slim Fit Shirt,2299,299
Buda Jeans Co,Men Checked Slim Fit Shirt,2299,299
British Club,Men Printed Slim Fit Shirt,2395,503
Buda Jeans Co,Men Slim Fit Cotton Shirt with Mandarin Collar,1699,748
The Indian Garage Co,Men Graphic Print Slim Fit Shirt,1749,525
Noble Monk,Men Regular Ribbed Hooded Shirt,1299,468
Troonpair,Men Regular Fit Shirt,799,423
Campus Sutra,Checked Spread-Collar Shirt,1899,741
Shein,Shein Elegant Spread Collar Full-Length Sleeves Striped Shirt,nan,649
SUPERDRY,Premium Stretch Long Sleeves Shirt,3999,1880
U.S. Polo Assn.,Men Checked Tailored Fit Shirt,2499,1200
The Indian Garage Co,Men Printed Slim Fit Shirt,1749,525
SUPERDRY,Studios Casual Linen Long-Sleeve Shirt,6999,3290
LOUIS PHILIPPE,Men Slim Fit Shirt with Spread Collar,2599,1689
Vastrado,Men Checks Slim Fit Shirt,1899,855
British Club,Men Checked Slim Fit Shirt with Patch Pocket,2095,566
BROOKS BROTHERS,Regular Fitted Oxford Check Shirt,10000,5000
MORLY,Men Floral Printed Regular Fit Shirt,1499,435
NETPLAY FOR TRENDS SELECT,Men Floral Print Slim Fit Shirt,799,567
Jankit Designer,Men Striped Regular Fit Shirt,1999,500
The Indian Garage Co,Checked Shirt with Patch Pocket,1749,525
NETPLAY,Men Patterned Regular Fit Cotton Shirt,799,567
Shein,Shein Medium Length Spread Collar Full Sleeve Striped Shirt,nan,649
XTJ,Men Slim Fit Shirt,799,384
KRUMPER,Men Block Print Regular Fit Shirt with Patch Pocket,799,320
NETPLAY FOR TRENDS SELECT,Men Plaid Check Regular Fit Shirt,899,638
DNMX,Men Regular Fit Shirt with Welt Pocket,699,496
QUMASH FASHION,Men Shirt with Mandarin Collar,999,500
THE BEAR HOUSE,Checked Shirt with Patch Pocket,2495,923
MISCHIEF MONKEY,Checked Shirt with Patch Pocket,4999,699
NETPLAY,Men Slim Fit Shirt,799,567
Vooter,Men Printed Regular Fit Shirt,1999,420
SNITCH,Men Checked Relaxed Fit Shirt,nan,1299
ASOS DESIGN,Relaxed Fit Deep Revere Shirt with Placement Bird Print,nan,3999
The Indian Garage Co,Checked Shirt with Patch Pocket,2149,580
The Indian Garage Co,Men Checked Slim Fit Shirt with Patch Pocket,1749,420
KHUSHI CREATION,Men Regular Fit Shirt with Patch Pocket,1996,399
SPYKAR,Men Printed Slim Fit Shirt,2499,775
INDO Cotton,Men Checked Slim Fit Shirt with Spread Collar,2499,625
SUPERDRY,Cotton Worker Check Shirt,5999,3000
ARMANI EXCHANGE,Solid Slim Fit Shirt,5999,3000
LOUIS PHILIPPE,Men Slim Fit Cotton Shirt with Patch Pocket,2499,1399
NETPLAY,Men Checked Slim Fit Shirt,nan,599
EYEBOGLER,Men Slim Fit Shirt,2499,375
La Martina,Men Brand Print Boxy Fit Cotton Shirt,3299,2309
Campus Sutra,Striped Shirt with Patch Pocket,1899,494
British Club,Men Checked Slim Fit Shirt with Patch Pocket,2195,373
INDIAN NEEDLE,Men Regular Fit Shirt,2299,874
Campus Sutra,Men Regular Fit Shirt with Spread Collar,1899,494
The Indian Garage Co,Slim Fit Shirt with Patch Pocket,1949,604
DNMX,Men Regular Fit Shirt,nan,699
NETPLAY,Men Smart Fit Shirt with Patch Pocket,nan,799
Vastrado,Men Slim Fit Shirt with Patch Pocket,1549,697
SNITCH,Relaxed Fit Shirt with Flap Pockets,1998,500
WUXI,Men Striped Regular Fit Shirt,2399,288
DNMX,Men Embroidered Regular Fit Shirt,nan,699
NETPLAY,Men Checked Smart Fit Shirt,499,354
THE BEAR HOUSE,Men Slim Fit Shirt,3399,1462
LOUIS PHILIPPE,Men Micro Print Slim Fit Shirt,2799,1372
Hardsoda,Men Checked Regular Fit Shirt with Patch Pocket,2399,552
BROOKS BROTHERS,Slim Fitted Solid Linen Sports Shirt,12000,5040
Instafab Plus,Men Relaxed Fit Shirt,2499,975
URBANO FASHION,Men Checked Slim Fit Shirt with Patch Pocket,1399,350
Hardsoda,Men Windowpane Checked Regular Fit Shirt with Patch Pocket,2249,517
Campus Sutra,Checked Shirt with Patch Pocket,1499,585
Urban Buccachi,Men Regular Fit Shirt,1299,351
Vastrado,Men Textured Slim Fit Shirt,1749,787
The Indian Garage Co,Striped Shirt with Patch Pocket,1749,542
ARROW,Men Checked Slim Fit Shirt with Patch Pocket,2399,1152
The Indian Garage Co,Men Striped Slim Fit Shirt,2049,451
SUPERDRY,Vintage Checked Long-Sleeve Shirt,4999,2350
NETPLAY FOR TRENDS SELECT,Men Printed Regular Fit Shirt,599,425
Ketch,Men Colourblock Slim Fit Shirt,1499,375
WUXI,Men Textured Loose Fit Shirt,2399,336
SOLSTICE,Men Regular Fit Shirt,999,499
The Indian Garage Co,Men Checked Slim Fit Shirt with Patch Pocket,1749,455
Ketch,Micro Print Shirt with Patch Pocket,1549,387
British Club,Men Checked Regular Fit Shirt,2095,691
kingdom of white,Men Spread-Collar Regular Fit Shirt,3999,3599
Urban Buccachi,Men Regular Fit Shirt,1799,429
Noble Monk,Men Checked Regular Fit Hooded Shirt,1299,403
RED TAPE,Men Shirt with Button Down Collar,4499,675
KRUMPER,Men Striped Regular Fit Shirt with Patch Pocket,799,320
DNMX,Men Washed Regular Fit Shirt with Flap Pockets,999,709
Ketch,Men Slim Fit Shirt with Band Collar,1649,412
DNMX FOR TRENDS SELECT,Men Checked Regular Fit Shirt,999,709
U.S. Polo Assn.,Men Checked Slim Fit Shirt,2499,1025
SPYKAR,Men Regular Fit Shirt,2599,1014
Buda Jeans Co,Men Checked Slim Fit Cotton Shirt with Patch Pocket,1799,738
NETPLAY,Men Patterned Smart Fit Short Kurta,699,496
Andamen,Men Oxford Button Down Classic Shirt,2990,2093
SUPERDRY,Studios Casual Linen Long-Sleeve Shirt,6999,3290
U.S. Polo Assn.,Men Tailored Fit Shirt,2699,1403
LOUIS PHILIPPE,Men Stripes Slim Fit Shirt,2799,1791
DNMX FOR TRENDS SELECT,Men Checked Relaxed Fit Shirt,699,496
VERTUSY,Floral Print Shirt with Patch Pocket,1999,800
The Indian Garage Co,Men Relaxed Fit Shirt,1799,396
EYEBOGLER,Men Floral Print Regular Fit Shirt,2499,325
British Club,Men Checked Slim Fit Shirt with Patch Pocket,2045,695
Bullmer,Men Geometric Print Regular Fit Shirt with Spread Collar,1999,540
ALLEN SOLLY,Men Striped Slim Fit Shirt with Patch Pocket,1999,1299
RED TAPE,Men Shirt with Button Down Collar,3699,555
ROOKIES,Men Slim Fit Shirt with Cuffed Sleeves,2699,1161
British Club,Men Pin-Point Oxford Checks Regular Fit Shirt,1999,680
Noble Monk,Men Ribbed Regular Fit Hooded Shirt with Patch Pocket,1299,403
Buda Jeans Co,Men Relaxed Fit Textured Resort Shirt,1599,656
Buda Jeans Co,Men Striped Slim Fit Shirt,1499,615
LEVIS,Men Checked Slim Fit Shirt with Patch Pocket,2699,1188
The Indian Garage Co,Striped Cotton Shirt with Patch Pocket,1749,455
Vastrado,Men Slim Fit Shirt,1649,742
Ketch,Men Colourblock Slim Fit Shirt,1299,325
WHITE CREST,Men Slim Fit Cotton Shirt,899,270
SUPERDRY,Regular Fit Satin Shirt with Concealed Placket Shirt,5999,2820
Crown Threads,Men Printed Regular Fit Shirt with Spread Collar,1599,432
The Indian Garage Co,Men Checked Slim Fit Shirt with Patch Pocket,1749,420
SUPERDRY,Premium Stretch L/S Shirt,3999,1880
Vastrado,Men Self-Design Slim Fit Shirt,1549,697
DENNISLINGO PREMIUM ATTIRE,Full Sleeves Slim Fit Shirt,1849,536
ALTAIR,Men Checked Slim Fit Shirt,899,432
Ketch,Striped Slim Fit Shirt,1849,462
INDO Cotton,Men Slim Fit Shirt,2499,625
Campus Sutra,Men Oversized Fit Shirt with Cuban Collar,1999,780
ASOS DESIGN,Geometric Print Relaxed Deep Revere Satin Shirt,2999,2099
The Indian Garage Co,Checked Shirt with Patch Pocket,1749,525
The Indian Garage Co,Checked Shirt with Patch Pocket,1749,525
The Indian Garage Co,Men Printed Slim Fit Shirt with Patch Pocket,1749,420
Arrow Sports,Men Striped Slim Fit Shirt,2299,1195
SCOTCH & SODA,Short Sleeves Corduroy Shirt,9999,5000
ARROW,Men Checked Slim Fit Shirt with Patch Pocket,2399,792
British Club,Men Striped Slim Fit Shirt with Patch Pocket,2245,382
Campus Sutra,Men Graphic Regular Fit Shirt,1899,741
Campus Sutra,Checked Shirt with Patch Pocket,1499,495
U.S. Polo Assn.,Men Checked Tailored Fit Shirt,2499,1075
ARROW,Men Checked Slim Fit Cotton Shirt,2399,1367
SNITCH,Men Checks Slim Fit Shirt,nan,999
SOLSTICE,Men Regular Fit Shirt,999,499
WUXI,Men Crinkled Loose Fit Shirt with Patch Pocket,2399,336
Hardsoda,Men Tartan Checked Regular Fit Shirt,2249,517
Deaim,Men Floral Print Regular Fit Shirt,2497,499
British Club,Men Slim Shirt with Patch Pocket,1945,564
MAX,Men Cotton Checked Regular Fit Shirt,nan,899
U.S. Polo Assn.,Men Striped Tailored Fit Shirt,2499,1225
British Club,Men Checked Slim Fit Shirt,1995,698
ARMANI EXCHANGE,Men Retro Sport Regular Fit Cotton Shirt,11999,6000
LEVIS,Men Slim Fit Shirt with Patch Pocket,2199,1100
NETPLAY,Men Smart Fit Cotton Shirt,699,496
U.S. Polo Assn.,Men Slim Fit Shirt,1999,1039
THE BEAR HOUSE,Men Washed Relaxed Fit Shirt,2799,1344
Indo_primo,Men Checked Regular Fit Shirt,999,319
PAUL STREET,Cordage Double Pocket Shirt,2295,826
THE BEAR HOUSE,Checked Shirt with Patch Pocket,2495,873
U.S. Polo Assn.,Men Checked Slim Fit Shirt,2499,825
MUJI,Flannel Checked Regular Fit Shirt,nan,2990
GAP,Slim Fit Shirt with Patch Pocket,2499,1250
Noble Monk,Men Striped Regular Fit Hooded Shirt,1299,403
BROOKS BROTHERS,Regular Fit Oxford Checked Shirt,10000,5000
Noble Monk,Hooded Shirt with Full Sleeves,1299,403
Flocculent,Men Shirt with Spread Collar,1999,500
BROOKS BROTHERS,Gingham Checked Shirt with Button-Down Collar,10000,4200
NETPLAY,Men Printed Slim Fit Shirt,799,567
The Indian Garage Co,Striped Shirt with Patch Pocket,2199,682
SOLSTICE,Men Regular Fit Shirt,999,499
LOUIS PHILIPPE,Men Stripes Extra Slim Fit Shirt,2799,1791
Urban Buccachi,Men Regular Fit Shirt,1799,429
NETPLAY FOR TRENDS SELECT,Men Striped Slim Fit Shirt,799,567
Ketch,Men Slim Fit Shirt,1949,487
Alakhdhani Creation,Men Shirt with Cuban Collar,1699,340
URBANAUT,Men Printed Regular Fit Shirt with Patch Pocket,699,350
Vooter,Men Colourblock Regular Fit Shirt,1999,580
MISCHIEF MONKEY,Men Regular Fit Shirt,4999,699
NETPLAY FOR TRENDS SELECT,Men Floral Print Regular Fit Shirt,699,496
GAP,Men Slim Fit Oxford Checked Shirt,2999,1799
H&M,Men Regular Fit Textured-Weave Resort Shirt,nan,1999
La Martina,Linen Tailored Fit Shirt with Embroidered Flag,6999,5599
Andamen,Slim Fit Shirt with Logo Embroidery,4590,3672
U.S. Polo Assn.,Men Tailored Fit Shirt,2299,1150
ARROW,Men Striped Slim Fit Shirt,2399,1271
BASICS,Men Striped Slim Fit Shirt,1999,860
LOUIS PHILIPPE,Men Checked Slim Fit Cotton Shirt,2299,1448
Buda Jeans Co,Men Flannel Checks Relaxed Fit Shirt,1799,1043
U.S. Polo Assn.,Men Floral Print Tailored Fit Shirt,2299,759
SUPERDRY,Seersucker Gingham Check Relaxed Fit Shirt,4999,2350
Campus Sutra,Men Slim Fit Shirt with Spread Collar,1899,646
VAN HEUSEN,Men Checked Regular Fit Shirt with Patch Pocket,1999,1099
Campus Sutra,Men Regular Fit Shirt,1899,722
MORLY,Men Floral Regular Fit Shirt,999,390
H&M,Men Regular Fit Shirt,nan,2299
The Indian Garage Co,Checked Shirt with Patch Pocket,1749,455
Campus Sutra,Men Checked Regular Fit Shirt with Collar Neck,1899,703
ASOS DESIGN,Slim Fit Oxford Shirt,2499,1749
THE BEAR HOUSE,Checked Button-down Shirt,2495,873
H&M,Men Regular Fit Shirt,nan,1999
NETPLAY FOR TRENDS SELECT,Men Checked Regular Fit Shirt with Patch Pocket,899,638
THE BEAR HOUSE,Men Checked Slim Fit Shirt with Patch Pocket,2495,749
SUPERDRY,Men Vintage Regular Fit Shirt with Flap Pockets,5999,2820
ARMANI EXCHANGE,Classic Cotton Twill Shirt,10999,5500
Vaatko,Men Shirt with Spread Collar,999,370
NETPLAY,Men Slim Fit Shirt,1049,745
Noble Monk,Men Regular Fit Hooded Shirt with Patch Pocket,1299,403
The Indian Garage Co,Checked Shirt with Patch Pocket,1749,455
CHARLES TYRWHITT,Men Plain Slim Fit Pure Linen Shirt,6999,3849
H&M,Men Loose Fit Cotton Short-Sleeved Oxford Shirt,nan,1499
The Indian Garage Co,Striped Shirt with Patch Pocket,1749,525
Andamen,Checked Shirt with Button-Down Collar,nan,4690
Andamen,Men Linen Printed Slim Fit Classic Shirt,5590,3913
SNITCH,Men Slim Fit Striped Shirt,1998,999
ALTAIR,Men Floral Print Slim Fit Shirt,1299,390
LOUIS PHILIPPE,Men Printed Slim Fit Shirt with Patch Pocket,2499,1225
The Indian Garage Co,Spread Collar Shirt with Patch Pocket,1749,437
Marks & Spencer,Men Checked Regular Fit Shirt with Patch Pocket,2999,2099
DENNISLINGO PREMIUM ATTIRE,Slim Fit Shirt with Patch Pocket,1849,573
GAS,Men Lace Regular Fit Shirt,3999,2000
RED TAPE,Logo Embroidered Spread-Collar Shirt,4099,779
GAP,Men Slim Fit Shirt,2499,1499
U.S. Polo Assn.,Men Floral Print Tailored Fit Shirt,2499,1225
ARMANI EXCHANGE,Classics Regular Fit Shirt,9999,5000
British Club,Men Checked Regular Fit Shirt with Patch Pocket,2095,691
DNMX,Men Regular Fit Shirt with Patch Pocket,699,496
The Indian Garage Co,Striped Spread-Collar Shirt with Patch Pocket,1749,455
POIPET,Men Tie & Dye Regular Fit Shirt,1999,500
La Martina,Men Graphic Print Tailored Fit Cotton Shirt,5999,4799
RED TAPE,Men Checked Regular Fit Shirt,3499,665
DENNISLINGO PREMIUM ATTIRE,Checked Slim Fit Shirt,2499,625
GRANDSTITCH,Spread-Collar Shirt with Flap Pockets,2499,550
WEBRIC,Men Regular Fit Spread-Collar Shirt,1099,330
The Indian Garage Co,Checked Shirt with Patch Pocket,2199,572
The Indian Garage Co,Men Checked Slim Fit Shirt with Patch Pocket,1749,542
TOMMY HILFIGER,Men Regular Fit Cotton Shirt,4599,3679
BANANA CLUB,Men Regular Fit Shirt with Curved Hem,2999,2249
JOHN PLAYERS SELECT,Men Striped Regular Fit Shirt,999,709
IDENTITI,Men Slim Fit Shirt with Mandarin Collar,nan,1599
PETER ENGLAND,Men Slim Fit Cotton Shirt with Patch Pocket,1799,864
ARROW,Men Checked Slim Fit Cotton Shirt with Patch Pocket,2399,1367
U.S. Polo Assn.,Men Regular Fit Shirt with Logo Embroidery,nan,2199
GAP,Solid Corduroy Button-Down Shirt,3499,2099
THE BEAR HOUSE,Men Checks Slim Fit Shirt,3799,1634
Vastrado,Men Slim Fit Shirt with Cutaway Collar,1899,855
British Club,Men Checked Regular Fit Shirt,2095,712
RED TAPE,Heathered Shirt with Button-Down Collar,4299,817
SNITCH,Men Slim Fit Button-Down Shirt,2398,1199
Trybest,Men Regular Fit Shirt with Patch Pocket,4599,2437
CROCODILE,Men Checked Slim Fit Cotton Shirt with Patch Pocket,2499,1799
EYEBOGLER,Men Regular Fit Shirt,1299,429
The Indian Garage Co,Checked Shirt with Patch Pocket,1749,525
The Indian Garage Co,Checked Shirt with Patch Pocket,2049,615
NETPLAY,Men Checked Slim Fit Shirt,nan,499
U.S. Polo Assn.,Men Micro Print Slim Fit Shirt with Patch Pocket,2299,989
The Indian Garage Co,Striped Shirt with Cut-Away Collar,2099,609
Arrow Sports,Men Slim Fit Cotton Shirt with Patch Pocket,2299,1310
NETPLAY,Men Slim Fit Shirt,nan,699
Colorplus,Men Geometric Print Tailored Fit Shirt,2299,1104
SUPERDRY,Ultra-Light Army Corp Long Sleeves Shirt,7999,3760
NETPLAY,Men Regular Fit Shirt,799,567
NETPLAY,Slim Fit Shirt with Patch Pocket,nan,1299
SCOTCH & SODA,Essentials Organic Oxford Regular Fit Shirt,7999,4000
U.S. Polo Assn.,Men Tailored Fit Shirt,1999,1039
RED TAPE,Men Checked Regular Fit Shirt,3299,627
NETPLAY,Men NP35 Basic Checked Regular Fit Cotton Shirt,nan,899
RAMADHANI CLOTH,Men Shirt with Band Collar,1699,340
WUXI,Men Textured Loose Fit Shirt,2399,336
ARMANI EXCHANGE,Men Striped Regular Fit Peat Shirt with,9999,5000
KRUMPER,Men Block Print Regular Fit Shirt with Patch Pocket,599,240
Vastrado,Men Stripes Slim Fit Shirt,1649,742
The Indian Garage Co,Striped Cotton Shirt with Patch Pocket,1749,490
H&M,Men Regular Fit Shirt,nan,2299
Tistabene,Men Floral Regular Fit Shirt with Spread Collar,3999,560
BROOKS BROTHERS,Checked Poplin Friday Shirt,12000,6000
Buda Jeans Co,Men Relaxed Fit Oxford Shirt,1599,927
The Indian Garage Co,Checked Shirt with Patch Pocket,1749,542
MISCHIEF MONKEY,Solid Tailored Fit Shirt,3999,599
Buda Jeans Co,Men Regular Fit Cotton Shirt with Flap Pockets,2099,903
PETER ENGLAND,Men Full-Sleeve Regular Fit Shirt,nan,1599
The Indian Garage Co,Shirt with Patch Pocket,1749,525
The Indian Garage Co,Men Patterned Regular Fit Cotton Shirt,2049,553
U.S. Polo Assn.,Men Printed Tailored Shirt,2199,1078
NETPLAY,Men Smart Fit Shirt,nan,799
NETPLAY,Men Striped Regular Fit Shirt with Patch Pocket,nan,499
INDIAN NEEDLE,Men Striped Regular Fit Shirt,2149,774
Buda Jeans Co,Men Relaxed Half Sleeve Denim Shirt with Patch Pocket,1599,927
Urban Buccachi,Men Regular Fit Shirt,1299,351
H&M,Men Loose Fit Shirt,nan,1299
U.S. Polo Assn.,Men Oxford Striped Slim Fit Shirt with Patch Pocket,2699,1269
ARMANI EXCHANGE,Milano Edition Loose Fit Cotton Shirt,17999,8460
Vastrado,Men Slim Fit Shirt with Cutaway Collar,1749,682
NETPLAY,Men Smart Fit Shirt,nan,799
The Indian Garage Co,Full Sleeves Shirt with Patch Pocket,1749,525
BREAKPOINT NXT,Men Micro Print Slim Fit Shirt with Patch Pocket,1299,390
BANANA CLUB,Men Regular Fit Shirt with Spread Collar,1599,1247
BROOKS BROTHERS,Checked Regular Fit Oxford Shirt,10000,5000
Arrow Sports,Men Slim Fit Spread-Collar Shirt,2499,1674
Campus Sutra,Men Patterned Regular Fit Shirt,1899,703
ASOS DESIGN,Men Checked 90s Oversized Shirt,3999,2719
NETPLAY,Men NP35 Checked Regular Fit Shirt,799,567
ASOS DESIGN,Relaxed Fit Revere Shirt with Chest & Back Print,nan,2999
SUPERDRY,Studios Casual Linen Long-Sleeve Shirt,6999,3290
The Indian Garage Co,Men Checked Slim Fit Shirt with Patch Pocket,1749,437
ARROW,Men Slim Fit Shirt with Patch Pocket,2399,1271
Vastrado,Men Stripes Slim Fit Shirt,1749,787
SNITCH,Men Striped Slim Fit Shirt,2598,1299
BRUCEWANE,Men Regular Fit Shirt with Patch Pocket,1999,520
JACK & JONES Premium,Men Slim Fit Cotton Shirt,3999,1720
The Indian Garage Co,Men Checked Slim Fit Shirt with Patch Pocket,1749,455
SUPERDRY,Short Sleeves Classic Oxford Shirt,3999,1880
ALLEN SOLLY,Men Micro Print Slim Fit Shirt with Patch Pocket,1799,1259
ARROW,Men Geometric Print Slim Fit Cotton Shirt with Patch Pocket,2399,1391
INDO Cotton,Men Slim Fit Shirt with Spread Collar,2499,625
GAP,Long Sleeves Oxford Button-Down Shirt,2999,1799
The Indian Garage Co,Men Checked Slim Fit Shirt with Patch Pocket,1749,455
Jankit Designer,Men Regular Fit Shirt with Spread Collar,1999,500
Bullmer,Men Checked Regular Fit Shirt,1999,540
NETPLAY,Men Smart Fit Shirt,nan,899
British Club,Men Embroidered Regular Fit Shirt with Patch Pocket,2495,898
H&M,Men Regular Fit Shirt,nan,1999
Buda Jeans Co,Men Relaxed Fit Corduroy Shacket,1899,836
ALLEN SOLLY,Checked Shirt with Patch Pocket,1799,1259
Campus Sutra,Men Chevron Patterned Regular Fit Shirt,1899,741
EYEBOGLER,Slim Fit Shirt with Spread Collar,2499,375
Paralians,Men Regular Fit Shirt,1999,419
Vooter,Men Printed Regular Fit Shirt,1999,400
KRUMPER,Men Regular Fit Cotton Shirt with Patch Pocket,899,360
Flocculent,Men Printed Regular Fit Shirt,1999,500
GAP,Men Embroidered Oversized Denim Shirt,nan,3499
SUPERDRY,Workwear Cotton Shirt,5999,2820
SPYKAR,Men Slim Fit Shirt,2499,1100
KRUMPER,Men Plaid Check Regular Fit Shirt,599,240
British Club,Men Ombre-Dyed Slim Fit Cotton Shirt,1995,778
The Indian Garage Co,Men Checked Slim Fit Shirt,1749,525
ALLEN SOLLY,Slim Fit Shirt with Patch Pocket,1599,1119
British Club,Men Printed Slim Fit Cotton Shirt,1995,658
DENNISLINGO PREMIUM ATTIRE,Men Regular Fit Shirt with Flap Pockets,2599,676
Woxen,Men Regular Fit Shirt with Flap Pockets,1599,544
Voroxy X AG,Men Windowpane Checked Regular Fit Shirt with Patch Pocket,1999,380
SUPERDRY,Classic Long-Sleeve Fil-A-Fil Shirt,4999,2350
SNITCH,Men Slim Fit Shirt with Spread Collar,nan,1399
RED TAPE,Men Shirt with Button Down Collar,3799,570
The Indian Garage Co,Checked Shirt with Patch Pocket,1749,525
British Club,Men Flannel Checks Slim Fit Shirt,2495,749
Campus Sutra,Men Regular Fit Shirt with Spread Collar,1899,665
Vastrado,Men Checked Slim Fit Shirt,1449,652
Andamen,Slim Fit Shirt with Button-Down Collar,2990,2392
The Indian Garage Co,Men Checked Slim Fit Shirt with Patch Pocket,1749,437
SPYKAR,Men Regular Slim Fit Shirt,2999,1140
Vaatko,Men Solid Regular Fit Shirt,999,370
POIPET,Men Geometric Print Regular Fit Shirt,1999,500
VERTUSY,Men Regular Fit Shirt with Patch Pocket,1999,600
Vastrado,Men Slim Fit Shirt,2149,924
Belpatra,Men Regular Fit Shirt,999,429
SUPERDRY,Long Sleeves Classic Oxford Shirt,4999,2350
La Martina,Men Brand Print Boxy Fit Cotton Shirt,3299,2309
Indo_primo,Men Printed Regular Fit Shirt,999,390
U.S. Polo Assn.,Men Slim Fit Shirt with Patch Pocket,2499,1299
KRUMPER,Men Regular Fit Cotton Shirt with Patch Pocket,899,360
SHOWOFF,Spread Collar Shirt with Full Sleeves,2498,749
Campus Sutra,Men Striped Regular Fit Shirt with Spread Collar,1899,703
UNITED COLORS OF BENETTON,Me Floral Print Regular Fit Shirt,2499,1624
Bullmer,Men Printed Regular Fit Shirt,1999,540
LOUIS PHILIPPE,Striped Shirt with Patch Pocket,2399,1535
LERIYA FASHION,Men Regular Fit Shirt,1299,455
Jankit Designer,Men Printed Regular Fit Shirt,1999,500
ASOS DESIGN,Men Striped Slim Fit Work Shirt,2499,1749
BANANA CLUB,Men Regular Fit Spread-Collar Shirt,2499,2049
